{"cameraMode":{"drawMode":0,"name":"Shaded","section":"Shading Mode"},"sceneLighting":false,"audioPlay":false,"sceneViewState":{"m_AlwaysRefresh":false,"showFog":true,"showSkybox":false,"showFlares":true,"showImageEffects":true,"showParticleSystems":true,"showVisualEffectGraphs":true,"m_FxEnabled":true},"in2DMode":false,"pivot":{"x":4.2499847412109379,"y":11.20323657989502,"z":-220.67498779296876},"rotation":{"x":0.20313411951065064,"y":0.6340847015380859,"z":-0.17777657508850099,"w":0.7247092723846436},"size":22.952171325683595,"orthographic":false}