{"cameraMode":{"drawMode":0,"name":"Shaded","section":"Shading Mode"},"sceneLighting":false,"audioPlay":false,"sceneViewState":{"m_AlwaysRefresh":false,"showFog":true,"showSkybox":false,"showFlares":true,"showImageEffects":true,"showParticleSystems":true,"showVisualEffectGraphs":true,"m_FxEnabled":true},"in2DMode":false,"pivot":{"x":-1.906752586364746,"y":8.421926498413086,"z":-167.05999755859376},"rotation":{"x":-0.4818916320800781,"y":0.004468130879104137,"z":-0.0024528857320547106,"w":-0.876235842704773},"size":52.622135162353519,"orthographic":false}