Using pre-set license
Built from '6000.0/staging' branch; Version is '6000.0.31f1 (a206c360e2a8) revision 10618563'; Using compiler version '193933523'; Build Type 'Release'
OS: 'Windows 11  (10.0.22621) 64bit CoreSingleLanguage' Language: 'en' Physical Memory: 14274 MB
BatchMode: 1, IsHumanControllingUs: 0, StartBugReporterOnCrash: 0, Is64bit: 1, IsPro: 1

COMMAND LINE ARGUMENTS:
D:\Program Files\Unity\Hub\Editor\6000.0.31f1\Editor\Unity.exe
-adb2
-batchMode
-noUpm
-name
AssetImportWorker1
-projectPath
D:/Endless Runner/Endless-Runner
-logFile
Logs/AssetImportWorker1.log
-srvPort
59079
-job-worker-count
3
-background-job-worker-count
8
-gc-helper-count
1
Successfully changed project path to: D:/Endless Runner/Endless-Runner
D:/Endless Runner/Endless-Runner
[UnityMemory] Configuration Parameters - Can be set up in boot.config
    "memorysetup-bucket-allocator-granularity=16"
    "memorysetup-bucket-allocator-bucket-count=8"
    "memorysetup-bucket-allocator-block-size=33554432"
    "memorysetup-bucket-allocator-block-count=8"
    "memorysetup-main-allocator-block-size=16777216"
    "memorysetup-thread-allocator-block-size=16777216"
    "memorysetup-gfx-main-allocator-block-size=16777216"
    "memorysetup-gfx-thread-allocator-block-size=16777216"
    "memorysetup-cache-allocator-block-size=4194304"
    "memorysetup-typetree-allocator-block-size=2097152"
    "memorysetup-profiler-bucket-allocator-granularity=16"
    "memorysetup-profiler-bucket-allocator-bucket-count=8"
    "memorysetup-profiler-bucket-allocator-block-size=33554432"
    "memorysetup-profiler-bucket-allocator-block-count=8"
    "memorysetup-profiler-allocator-block-size=16777216"
    "memorysetup-profiler-editor-allocator-block-size=1048576"
    "memorysetup-temp-allocator-size-main=16777216"
    "memorysetup-job-temp-allocator-block-size=2097152"
    "memorysetup-job-temp-allocator-block-size-background=1048576"
    "memorysetup-job-temp-allocator-reduction-small-platforms=262144"
    "memorysetup-allocator-temp-initial-block-size-main=262144"
    "memorysetup-allocator-temp-initial-block-size-worker=262144"
    "memorysetup-temp-allocator-size-background-worker=32768"
    "memorysetup-temp-allocator-size-job-worker=262144"
    "memorysetup-temp-allocator-size-preload-manager=33554432"
    "memorysetup-temp-allocator-size-nav-mesh-worker=65536"
    "memorysetup-temp-allocator-size-audio-worker=65536"
    "memorysetup-temp-allocator-size-cloud-worker=32768"
    "memorysetup-temp-allocator-size-gi-baking-worker=262144"
    "memorysetup-temp-allocator-size-gi-baking-worker=262144"
    "memorysetup-temp-allocator-size-gi-baking-worker=262144"
    "memorysetup-temp-allocator-size-gi-baking-worker=262144"
    "memorysetup-temp-allocator-size-gi-baking-worker=262144"
    "memorysetup-temp-allocator-size-gfx=262144"
Player connection [22920]  Target information:

Player connection [22920]  * "[IP] 192.168.59.1 [Port] 0 [Flags] 2 [Guid] 382183834 [EditorId] 382183834 [Version] 1048832 [Id] WindowsEditor(7,DESKTOP-4C3P6HE) [Debug] 1 [PackageName] WindowsEditor [ProjectName] Editor" 

Player connection [22920]  * "[IP] 192.168.193.1 [Port] 0 [Flags] 2 [Guid] 382183834 [EditorId] 382183834 [Version] 1048832 [Id] WindowsEditor(7,DESKTOP-4C3P6HE) [Debug] 1 [PackageName] WindowsEditor [ProjectName] Editor" 

Player connection [22920]  * "[IP] 192.168.100.3 [Port] 0 [Flags] 2 [Guid] 382183834 [EditorId] 382183834 [Version] 1048832 [Id] WindowsEditor(7,DESKTOP-4C3P6HE) [Debug] 1 [PackageName] WindowsEditor [ProjectName] Editor" 

Player connection [22920] Host joined multi-casting on [225.0.0.222:54997]...
Player connection [22920] Host joined alternative multi-casting on [225.0.0.222:34997]...
JobSystem: Creating JobQueue using job-worker-count value 3
[Physics::Module] Initialized fallback backend.
[Physics::Module] Id: 0xdecafbad
Library Redirect Path: Library/
[Physics::Module] Selected backend.
[Physics::Module] Name: PhysX
[Physics::Module] Id: 0xf2b8ea05
[Physics::Module] SDK Version: 4.1.2
[Physics::Module] Integration Version: 1.0.0
[Physics::Module] Threading Mode: Multi-Threaded
Refreshing native plugins compatible for Editor in 107.10 ms, found 3 plugins.
Preloading 0 native plugins for Editor in 0.00 ms.
Initialize engine version: 6000.0.31f1 (a206c360e2a8)
[Subsystems] Discovering subsystems at path D:/Program Files/Unity/Hub/Editor/6000.0.31f1/Editor/Data/Resources/UnitySubsystems
[Subsystems] Discovering subsystems at path D:/Endless Runner/Endless-Runner/Assets
GfxDevice: creating device client; kGfxThreadingModeNonThreaded
Direct3D:
    Version:  Direct3D 11.0 [level 11.1]
    Renderer: Radeon RX 560X Series (ID=0x67ef)
    Vendor:   ATI
    VRAM:     4077 MB
    Driver:   27.20.1028.1
Initialize mono
Mono path[0] = 'D:/Program Files/Unity/Hub/Editor/6000.0.31f1/Editor/Data/Managed'
Mono path[1] = 'D:/Program Files/Unity/Hub/Editor/6000.0.31f1/Editor/Data/MonoBleedingEdge/lib/mono/unityjit-win32'
Mono config path = 'D:/Program Files/Unity/Hub/Editor/6000.0.31f1/Editor/Data/MonoBleedingEdge/etc'
Using monoOptions --debugger-agent=transport=dt_socket,embedding=1,server=y,suspend=n,address=127.0.0.1:56836
Begin MonoManager ReloadAssembly
Registering precompiled unity dll's ...
Register platform support module: D:/Program Files/Unity/Hub/Editor/6000.0.31f1/Editor/Data/PlaybackEngines/WebGLSupport/UnityEditor.WebGL.Extensions.dll
Register platform support module: D:/Program Files/Unity/Hub/Editor/6000.0.31f1/Editor/Data/PlaybackEngines/WindowsStandaloneSupport/UnityEditor.WindowsStandalone.Extensions.dll
Register platform support module: D:/Program Files/Unity/Hub/Editor/6000.0.31f1/Editor/Data/PlaybackEngines/AndroidPlayer/UnityEditor.Android.Extensions.dll
Registered in 0.088589 seconds.
- Loaded All Assemblies, in  2.993 seconds
Native extension for Android target not found
Android Extension - Scanning For ADB Devices 1366 ms
Native extension for WindowsStandalone target not found
Native extension for WebGL target not found
Mono: successfully reloaded assembly
- Finished resetting the current domain, in  2.709 seconds
Domain Reload Profiling: 5701ms
	BeginReloadAssembly (1646ms)
		ExecutionOrderSort (0ms)
		DisableScriptedObjects (0ms)
		BackupInstance (0ms)
		ReleaseScriptingObjects (0ms)
		CreateAndSetChildDomain (2ms)
	RebuildCommonClasses (151ms)
	RebuildNativeTypeToScriptingClass (27ms)
	initialDomainReloadingComplete (235ms)
	LoadAllAssembliesAndSetupDomain (931ms)
		LoadAssemblies (1648ms)
		RebuildTransferFunctionScriptingTraits (0ms)
		AnalyzeDomain (915ms)
			TypeCache.Refresh (911ms)
				TypeCache.ScanAssembly (828ms)
			BuildScriptInfoCaches (0ms)
			ResolveRequiredComponents (2ms)
	FinalizeReload (2710ms)
		ReleaseScriptCaches (0ms)
		RebuildScriptCaches (0ms)
		SetupLoadedEditorAssemblies (2573ms)
			LogAssemblyErrors (0ms)
			InitializePlatformSupportModulesInManaged (1652ms)
			SetLoadedEditorAssemblies (20ms)
			BeforeProcessingInitializeOnLoad (192ms)
			ProcessInitializeOnLoadAttributes (473ms)
			ProcessInitializeOnLoadMethodAttributes (236ms)
			AfterProcessingInitializeOnLoad (0ms)
			EditorAssembliesLoaded (1ms)
		ExecutionOrderSort2 (0ms)
		AwakeInstancesAfterBackupRestoration (0ms)
========================================================================
Worker process is ready to serve import requests
Import Worker Mode flag is 0x00
Begin MonoManager ReloadAssembly
- Loaded All Assemblies, in  4.656 seconds
Refreshing native plugins compatible for Editor in 42.83 ms, found 3 plugins.
Native extension for Android target not found
Native extension for WindowsStandalone target not found
Native extension for WebGL target not found
Mono: successfully reloaded assembly
- Finished resetting the current domain, in  4.203 seconds
Domain Reload Profiling: 8856ms
	BeginReloadAssembly (750ms)
		ExecutionOrderSort (0ms)
		DisableScriptedObjects (22ms)
		BackupInstance (0ms)
		ReleaseScriptingObjects (0ms)
		CreateAndSetChildDomain (80ms)
	RebuildCommonClasses (136ms)
	RebuildNativeTypeToScriptingClass (60ms)
	initialDomainReloadingComplete (135ms)
	LoadAllAssembliesAndSetupDomain (3572ms)
		LoadAssemblies (3302ms)
		RebuildTransferFunctionScriptingTraits (0ms)
		AnalyzeDomain (804ms)
			TypeCache.Refresh (662ms)
				TypeCache.ScanAssembly (577ms)
			BuildScriptInfoCaches (113ms)
			ResolveRequiredComponents (20ms)
	FinalizeReload (4204ms)
		ReleaseScriptCaches (0ms)
		RebuildScriptCaches (0ms)
		SetupLoadedEditorAssemblies (3785ms)
			LogAssemblyErrors (0ms)
			InitializePlatformSupportModulesInManaged (151ms)
			SetLoadedEditorAssemblies (26ms)
			BeforeProcessingInitializeOnLoad (562ms)
			ProcessInitializeOnLoadAttributes (2899ms)
			ProcessInitializeOnLoadMethodAttributes (134ms)
			AfterProcessingInitializeOnLoad (11ms)
			EditorAssembliesLoaded (3ms)
		ExecutionOrderSort2 (0ms)
		AwakeInstancesAfterBackupRestoration (24ms)
Launched and connected shader compiler UnityShaderCompiler.exe after 0.22 seconds
Refreshing native plugins compatible for Editor in 45.89 ms, found 3 plugins.
Preloading 0 native plugins for Editor in 0.00 ms.
Unloading 26 Unused Serialized files (Serialized files now loaded: 0)
Unloading 3720 unused Assets / (1.4 MB). Loaded Objects now: 4249.
Memory consumption went from 100.2 MB to 98.8 MB.
Total: 18.508000 ms (FindLiveObjects: 0.829200 ms CreateObjectMapping: 0.962400 ms MarkObjects: 12.852900 ms  DeleteObjects: 3.861300 ms)

========================================================================
Received Import Request.
  Time since last request: 462168.291880 seconds.
  path: Assets/Animations/FadeOut.anim
  artifactKey: Guid(21199f78ebfded14ea20d993eb8a45e2) Importer(815301076,1909f56bfc062723c751e8b465ee728b)
Start importing Assets/Animations/FadeOut.anim using Guid(21199f78ebfded14ea20d993eb8a45e2) Importer(815301076,1909f56bfc062723c751e8b465ee728b) (PreviewImporter) -> (artifact id: 'dd2e2d6efcbd6af24a94359fc7abcabf') in 0.1903256 seconds
Number of updated asset objects reloaded before import = 0Number of asset objects unloaded after import = 1

========================================================================
Received Prepare
Begin MonoManager ReloadAssembly
- Loaded All Assemblies, in  2.424 seconds
Refreshing native plugins compatible for Editor in 2.84 ms, found 3 plugins.
Native extension for Android target not found
Native extension for WindowsStandalone target not found
Native extension for WebGL target not found
Mono: successfully reloaded assembly
- Finished resetting the current domain, in  2.685 seconds
Domain Reload Profiling: 5110ms
	BeginReloadAssembly (454ms)
		ExecutionOrderSort (0ms)
		DisableScriptedObjects (17ms)
		BackupInstance (0ms)
		ReleaseScriptingObjects (0ms)
		CreateAndSetChildDomain (110ms)
	RebuildCommonClasses (86ms)
	RebuildNativeTypeToScriptingClass (30ms)
	initialDomainReloadingComplete (66ms)
	LoadAllAssembliesAndSetupDomain (1789ms)
		LoadAssemblies (1656ms)
		RebuildTransferFunctionScriptingTraits (0ms)
		AnalyzeDomain (399ms)
			TypeCache.Refresh (12ms)
				TypeCache.ScanAssembly (0ms)
			BuildScriptInfoCaches (349ms)
			ResolveRequiredComponents (29ms)
	FinalizeReload (2686ms)
		ReleaseScriptCaches (0ms)
		RebuildScriptCaches (0ms)
		SetupLoadedEditorAssemblies (2325ms)
			LogAssemblyErrors (0ms)
			InitializePlatformSupportModulesInManaged (47ms)
			SetLoadedEditorAssemblies (12ms)
			BeforeProcessingInitializeOnLoad (403ms)
			ProcessInitializeOnLoadAttributes (1800ms)
			ProcessInitializeOnLoadMethodAttributes (56ms)
			AfterProcessingInitializeOnLoad (7ms)
			EditorAssembliesLoaded (1ms)
		ExecutionOrderSort2 (0ms)
		AwakeInstancesAfterBackupRestoration (18ms)
Refreshing native plugins compatible for Editor in 2.37 ms, found 3 plugins.
Preloading 0 native plugins for Editor in 0.00 ms.
Unloading 2 Unused Serialized files (Serialized files now loaded: 0)
Unloading 3718 unused Assets / (1.0 MB). Loaded Objects now: 4253.
Memory consumption went from 95.9 MB to 94.8 MB.
Total: 15.554200 ms (FindLiveObjects: 0.777000 ms CreateObjectMapping: 1.578700 ms MarkObjects: 10.134900 ms  DeleteObjects: 3.061100 ms)

Prepare: number of updated asset objects reloaded= 0
========================================================================
Received Prepare
Refreshing native plugins compatible for Editor in 2.57 ms, found 3 plugins.
Preloading 0 native plugins for Editor in 0.00 ms.
Unloading 1 Unused Serialized files (Serialized files now loaded: 0)
Unloading 3711 unused Assets / (1.4 MB). Loaded Objects now: 4253.
Memory consumption went from 96.0 MB to 94.6 MB.
Total: 17.312400 ms (FindLiveObjects: 0.673900 ms CreateObjectMapping: 1.037100 ms MarkObjects: 12.598900 ms  DeleteObjects: 3.000200 ms)

Prepare: number of updated asset objects reloaded= 0
========================================================================
Received Import Request.
  Time since last request: 655.936017 seconds.
  path: Assets/Scripts/SegmentMove.cs
  artifactKey: Guid(2c8a437f63f631a40b4dd2a6fd281f7d) Importer(815301076,1909f56bfc062723c751e8b465ee728b)
Start importing Assets/Scripts/SegmentMove.cs using Guid(2c8a437f63f631a40b4dd2a6fd281f7d) Importer(815301076,1909f56bfc062723c751e8b465ee728b) (PreviewImporter) -> (artifact id: 'd17c5a2b6bb1294499e0cfbf77a96522') in 0.0070049 seconds
Number of updated asset objects reloaded before import = 0Number of asset objects unloaded after import = 0

========================================================================
Received Prepare
Begin MonoManager ReloadAssembly
- Loaded All Assemblies, in  2.012 seconds
Refreshing native plugins compatible for Editor in 2.52 ms, found 3 plugins.
Native extension for Android target not found
Native extension for WindowsStandalone target not found
Native extension for WebGL target not found
Mono: successfully reloaded assembly
- Finished resetting the current domain, in  2.881 seconds
Domain Reload Profiling: 4893ms
	BeginReloadAssembly (620ms)
		ExecutionOrderSort (0ms)
		DisableScriptedObjects (17ms)
		BackupInstance (0ms)
		ReleaseScriptingObjects (0ms)
		CreateAndSetChildDomain (129ms)
	RebuildCommonClasses (103ms)
	RebuildNativeTypeToScriptingClass (27ms)
	initialDomainReloadingComplete (62ms)
	LoadAllAssembliesAndSetupDomain (1199ms)
		LoadAssemblies (1225ms)
		RebuildTransferFunctionScriptingTraits (0ms)
		AnalyzeDomain (366ms)
			TypeCache.Refresh (21ms)
				TypeCache.ScanAssembly (2ms)
			BuildScriptInfoCaches (327ms)
			ResolveRequiredComponents (12ms)
	FinalizeReload (2882ms)
		ReleaseScriptCaches (0ms)
		RebuildScriptCaches (0ms)
		SetupLoadedEditorAssemblies (2525ms)
			LogAssemblyErrors (0ms)
			InitializePlatformSupportModulesInManaged (33ms)
			SetLoadedEditorAssemblies (10ms)
			BeforeProcessingInitializeOnLoad (415ms)
			ProcessInitializeOnLoadAttributes (1987ms)
			ProcessInitializeOnLoadMethodAttributes (70ms)
			AfterProcessingInitializeOnLoad (8ms)
			EditorAssembliesLoaded (0ms)
		ExecutionOrderSort2 (0ms)
		AwakeInstancesAfterBackupRestoration (24ms)
Refreshing native plugins compatible for Editor in 4.74 ms, found 3 plugins.
Preloading 0 native plugins for Editor in 0.00 ms.
Unloading 1 Unused Serialized files (Serialized files now loaded: 0)
Unloading 3718 unused Assets / (1.5 MB). Loaded Objects now: 4253.
Memory consumption went from 95.8 MB to 94.3 MB.
Total: 23.612200 ms (FindLiveObjects: 1.121600 ms CreateObjectMapping: 3.076000 ms MarkObjects: 13.619800 ms  DeleteObjects: 5.791500 ms)

Prepare: number of updated asset objects reloaded= 0
========================================================================
Received Import Request.
  Time since last request: 36.261224 seconds.
  path: Assets/Scripts/SegmentMove.cs
  artifactKey: Guid(2c8a437f63f631a40b4dd2a6fd281f7d) Importer(815301076,1909f56bfc062723c751e8b465ee728b)
Start importing Assets/Scripts/SegmentMove.cs using Guid(2c8a437f63f631a40b4dd2a6fd281f7d) Importer(815301076,1909f56bfc062723c751e8b465ee728b) (PreviewImporter) -> (artifact id: 'd03ea9422a10d62166e81d17541165d9') in 0.0057522 seconds
Number of updated asset objects reloaded before import = 0Number of asset objects unloaded after import = 0

========================================================================
Received Prepare
Begin MonoManager ReloadAssembly
- Loaded All Assemblies, in  2.046 seconds
Refreshing native plugins compatible for Editor in 2.67 ms, found 3 plugins.
Native extension for Android target not found
Native extension for WindowsStandalone target not found
Native extension for WebGL target not found
Mono: successfully reloaded assembly
- Finished resetting the current domain, in  3.162 seconds
Domain Reload Profiling: 5209ms
	BeginReloadAssembly (568ms)
		ExecutionOrderSort (0ms)
		DisableScriptedObjects (12ms)
		BackupInstance (0ms)
		ReleaseScriptingObjects (0ms)
		CreateAndSetChildDomain (154ms)
	RebuildCommonClasses (115ms)
	RebuildNativeTypeToScriptingClass (38ms)
	initialDomainReloadingComplete (92ms)
	LoadAllAssembliesAndSetupDomain (1232ms)
		LoadAssemblies (1044ms)
		RebuildTransferFunctionScriptingTraits (0ms)
		AnalyzeDomain (515ms)
			TypeCache.Refresh (16ms)
				TypeCache.ScanAssembly (0ms)
			BuildScriptInfoCaches (473ms)
			ResolveRequiredComponents (18ms)
	FinalizeReload (3164ms)
		ReleaseScriptCaches (0ms)
		RebuildScriptCaches (0ms)
		SetupLoadedEditorAssemblies (2747ms)
			LogAssemblyErrors (0ms)
			InitializePlatformSupportModulesInManaged (42ms)
			SetLoadedEditorAssemblies (16ms)
			BeforeProcessingInitializeOnLoad (571ms)
			ProcessInitializeOnLoadAttributes (2021ms)
			ProcessInitializeOnLoadMethodAttributes (90ms)
			AfterProcessingInitializeOnLoad (8ms)
			EditorAssembliesLoaded (1ms)
		ExecutionOrderSort2 (0ms)
		AwakeInstancesAfterBackupRestoration (24ms)
Refreshing native plugins compatible for Editor in 2.35 ms, found 3 plugins.
Preloading 0 native plugins for Editor in 0.00 ms.
Unloading 1 Unused Serialized files (Serialized files now loaded: 0)
Unloading 3718 unused Assets / (1.3 MB). Loaded Objects now: 4253.
Memory consumption went from 95.8 MB to 94.6 MB.
Total: 18.113300 ms (FindLiveObjects: 0.783300 ms CreateObjectMapping: 1.101600 ms MarkObjects: 13.471900 ms  DeleteObjects: 2.753200 ms)

Prepare: number of updated asset objects reloaded= 0
========================================================================
Received Prepare
Begin MonoManager ReloadAssembly
- Loaded All Assemblies, in  1.700 seconds
Refreshing native plugins compatible for Editor in 1.82 ms, found 3 plugins.
Native extension for Android target not found
Native extension for WindowsStandalone target not found
Native extension for WebGL target not found
Mono: successfully reloaded assembly
- Finished resetting the current domain, in  2.528 seconds
Domain Reload Profiling: 4230ms
	BeginReloadAssembly (536ms)
		ExecutionOrderSort (0ms)
		DisableScriptedObjects (16ms)
		BackupInstance (0ms)
		ReleaseScriptingObjects (0ms)
		CreateAndSetChildDomain (133ms)
	RebuildCommonClasses (104ms)
	RebuildNativeTypeToScriptingClass (26ms)
	initialDomainReloadingComplete (62ms)
	LoadAllAssembliesAndSetupDomain (973ms)
		LoadAssemblies (952ms)
		RebuildTransferFunctionScriptingTraits (0ms)
		AnalyzeDomain (336ms)
			TypeCache.Refresh (9ms)
				TypeCache.ScanAssembly (0ms)
			BuildScriptInfoCaches (313ms)
			ResolveRequiredComponents (10ms)
	FinalizeReload (2529ms)
		ReleaseScriptCaches (0ms)
		RebuildScriptCaches (0ms)
		SetupLoadedEditorAssemblies (2212ms)
			LogAssemblyErrors (0ms)
			InitializePlatformSupportModulesInManaged (52ms)
			SetLoadedEditorAssemblies (15ms)
			BeforeProcessingInitializeOnLoad (412ms)
			ProcessInitializeOnLoadAttributes (1657ms)
			ProcessInitializeOnLoadMethodAttributes (67ms)
			AfterProcessingInitializeOnLoad (9ms)
			EditorAssembliesLoaded (0ms)
		ExecutionOrderSort2 (0ms)
		AwakeInstancesAfterBackupRestoration (16ms)
Refreshing native plugins compatible for Editor in 1.69 ms, found 3 plugins.
Preloading 0 native plugins for Editor in 0.00 ms.
Unloading 1 Unused Serialized files (Serialized files now loaded: 0)
Unloading 3718 unused Assets / (1.4 MB). Loaded Objects now: 4253.
Memory consumption went from 95.8 MB to 94.4 MB.
Total: 12.805000 ms (FindLiveObjects: 0.593800 ms CreateObjectMapping: 0.430600 ms MarkObjects: 8.944900 ms  DeleteObjects: 2.833200 ms)

Prepare: number of updated asset objects reloaded= 0
========================================================================
Received Prepare
Refreshing native plugins compatible for Editor in 3.70 ms, found 3 plugins.
Preloading 0 native plugins for Editor in 0.00 ms.
Unloading 1 Unused Serialized files (Serialized files now loaded: 0)
Unloading 3711 unused Assets / (1.3 MB). Loaded Objects now: 4253.
Memory consumption went from 96.0 MB to 94.7 MB.
Total: 20.877100 ms (FindLiveObjects: 0.991300 ms CreateObjectMapping: 1.358800 ms MarkObjects: 15.023900 ms  DeleteObjects: 3.499700 ms)

Prepare: number of updated asset objects reloaded= 0
========================================================================
Received Prepare
Begin MonoManager ReloadAssembly
- Loaded All Assemblies, in  1.774 seconds
Refreshing native plugins compatible for Editor in 2.50 ms, found 3 plugins.
Native extension for Android target not found
Native extension for WindowsStandalone target not found
Native extension for WebGL target not found
Mono: successfully reloaded assembly
- Finished resetting the current domain, in  2.450 seconds
Domain Reload Profiling: 4227ms
	BeginReloadAssembly (548ms)
		ExecutionOrderSort (0ms)
		DisableScriptedObjects (20ms)
		BackupInstance (0ms)
		ReleaseScriptingObjects (0ms)
		CreateAndSetChildDomain (122ms)
	RebuildCommonClasses (93ms)
	RebuildNativeTypeToScriptingClass (35ms)
	initialDomainReloadingComplete (73ms)
	LoadAllAssembliesAndSetupDomain (1026ms)
		LoadAssemblies (941ms)
		RebuildTransferFunctionScriptingTraits (0ms)
		AnalyzeDomain (385ms)
			TypeCache.Refresh (19ms)
				TypeCache.ScanAssembly (3ms)
			BuildScriptInfoCaches (343ms)
			ResolveRequiredComponents (15ms)
	FinalizeReload (2452ms)
		ReleaseScriptCaches (0ms)
		RebuildScriptCaches (0ms)
		SetupLoadedEditorAssemblies (2171ms)
			LogAssemblyErrors (0ms)
			InitializePlatformSupportModulesInManaged (26ms)
			SetLoadedEditorAssemblies (10ms)
			BeforeProcessingInitializeOnLoad (377ms)
			ProcessInitializeOnLoadAttributes (1688ms)
			ProcessInitializeOnLoadMethodAttributes (61ms)
			AfterProcessingInitializeOnLoad (9ms)
			EditorAssembliesLoaded (0ms)
		ExecutionOrderSort2 (0ms)
		AwakeInstancesAfterBackupRestoration (14ms)
Refreshing native plugins compatible for Editor in 1.65 ms, found 3 plugins.
Preloading 0 native plugins for Editor in 0.00 ms.
Unloading 1 Unused Serialized files (Serialized files now loaded: 0)
Unloading 3718 unused Assets / (1.5 MB). Loaded Objects now: 4253.
Memory consumption went from 95.8 MB to 94.3 MB.
Total: 15.153800 ms (FindLiveObjects: 0.749600 ms CreateObjectMapping: 1.441000 ms MarkObjects: 10.374800 ms  DeleteObjects: 2.586100 ms)

Prepare: number of updated asset objects reloaded= 0
========================================================================
Received Prepare
Begin MonoManager ReloadAssembly
- Loaded All Assemblies, in  1.705 seconds
Refreshing native plugins compatible for Editor in 1.96 ms, found 3 plugins.
Native extension for Android target not found
Native extension for WindowsStandalone target not found
Native extension for WebGL target not found
Mono: successfully reloaded assembly
- Finished resetting the current domain, in  2.787 seconds
Domain Reload Profiling: 4493ms
	BeginReloadAssembly (558ms)
		ExecutionOrderSort (0ms)
		DisableScriptedObjects (16ms)
		BackupInstance (0ms)
		ReleaseScriptingObjects (0ms)
		CreateAndSetChildDomain (120ms)
	RebuildCommonClasses (96ms)
	RebuildNativeTypeToScriptingClass (32ms)
	initialDomainReloadingComplete (73ms)
	LoadAllAssembliesAndSetupDomain (946ms)
		LoadAssemblies (911ms)
		RebuildTransferFunctionScriptingTraits (0ms)
		AnalyzeDomain (356ms)
			TypeCache.Refresh (10ms)
				TypeCache.ScanAssembly (0ms)
			BuildScriptInfoCaches (327ms)
			ResolveRequiredComponents (12ms)
	FinalizeReload (2788ms)
		ReleaseScriptCaches (0ms)
		RebuildScriptCaches (0ms)
		SetupLoadedEditorAssemblies (2451ms)
			LogAssemblyErrors (0ms)
			InitializePlatformSupportModulesInManaged (37ms)
			SetLoadedEditorAssemblies (12ms)
			BeforeProcessingInitializeOnLoad (474ms)
			ProcessInitializeOnLoadAttributes (1856ms)
			ProcessInitializeOnLoadMethodAttributes (63ms)
			AfterProcessingInitializeOnLoad (8ms)
			EditorAssembliesLoaded (1ms)
		ExecutionOrderSort2 (0ms)
		AwakeInstancesAfterBackupRestoration (21ms)
Refreshing native plugins compatible for Editor in 3.15 ms, found 3 plugins.
Preloading 0 native plugins for Editor in 0.00 ms.
Unloading 1 Unused Serialized files (Serialized files now loaded: 0)
Unloading 3718 unused Assets / (1.5 MB). Loaded Objects now: 4253.
Memory consumption went from 95.8 MB to 94.2 MB.
Total: 15.876900 ms (FindLiveObjects: 0.699000 ms CreateObjectMapping: 1.015400 ms MarkObjects: 10.596800 ms  DeleteObjects: 3.563700 ms)

Prepare: number of updated asset objects reloaded= 0
========================================================================
Received Prepare
Refreshing native plugins compatible for Editor in 2.19 ms, found 3 plugins.
Preloading 0 native plugins for Editor in 0.00 ms.
Unloading 1 Unused Serialized files (Serialized files now loaded: 0)
Unloading 3712 unused Assets / (1.3 MB). Loaded Objects now: 4254.
Memory consumption went from 96.0 MB to 94.6 MB.
Total: 13.722200 ms (FindLiveObjects: 0.735500 ms CreateObjectMapping: 0.874600 ms MarkObjects: 9.550000 ms  DeleteObjects: 2.559500 ms)

Prepare: number of updated asset objects reloaded= 0
========================================================================
Received Prepare
Begin MonoManager ReloadAssembly
- Loaded All Assemblies, in  2.101 seconds
Refreshing native plugins compatible for Editor in 2.63 ms, found 3 plugins.
Native extension for Android target not found
Native extension for WindowsStandalone target not found
Native extension for WebGL target not found
Mono: successfully reloaded assembly
- Finished resetting the current domain, in  3.001 seconds
Domain Reload Profiling: 5105ms
	BeginReloadAssembly (757ms)
		ExecutionOrderSort (0ms)
		DisableScriptedObjects (21ms)
		BackupInstance (0ms)
		ReleaseScriptingObjects (1ms)
		CreateAndSetChildDomain (154ms)
	RebuildCommonClasses (125ms)
	RebuildNativeTypeToScriptingClass (63ms)
	initialDomainReloadingComplete (107ms)
	LoadAllAssembliesAndSetupDomain (1050ms)
		LoadAssemblies (1162ms)
		RebuildTransferFunctionScriptingTraits (0ms)
		AnalyzeDomain (373ms)
			TypeCache.Refresh (17ms)
				TypeCache.ScanAssembly (2ms)
			BuildScriptInfoCaches (338ms)
			ResolveRequiredComponents (11ms)
	FinalizeReload (3002ms)
		ReleaseScriptCaches (0ms)
		RebuildScriptCaches (0ms)
		SetupLoadedEditorAssemblies (2576ms)
			LogAssemblyErrors (0ms)
			InitializePlatformSupportModulesInManaged (51ms)
			SetLoadedEditorAssemblies (13ms)
			BeforeProcessingInitializeOnLoad (425ms)
			ProcessInitializeOnLoadAttributes (1969ms)
			ProcessInitializeOnLoadMethodAttributes (108ms)
			AfterProcessingInitializeOnLoad (9ms)
			EditorAssembliesLoaded (1ms)
		ExecutionOrderSort2 (0ms)
		AwakeInstancesAfterBackupRestoration (30ms)
Refreshing native plugins compatible for Editor in 2.74 ms, found 3 plugins.
Preloading 0 native plugins for Editor in 0.00 ms.
Unloading 1 Unused Serialized files (Serialized files now loaded: 0)
Unloading 3719 unused Assets / (1.5 MB). Loaded Objects now: 4254.
Memory consumption went from 95.8 MB to 94.3 MB.
Total: 17.181600 ms (FindLiveObjects: 0.957300 ms CreateObjectMapping: 1.414300 ms MarkObjects: 11.674900 ms  DeleteObjects: 3.132000 ms)

Prepare: number of updated asset objects reloaded= 0
========================================================================
Received Prepare
Refreshing native plugins compatible for Editor in 2.49 ms, found 3 plugins.
Preloading 0 native plugins for Editor in 0.00 ms.
Unloading 1 Unused Serialized files (Serialized files now loaded: 0)
Unloading 3712 unused Assets / (1.1 MB). Loaded Objects now: 4254.
Memory consumption went from 96.0 MB to 94.9 MB.
Total: 16.825000 ms (FindLiveObjects: 0.608600 ms CreateObjectMapping: 0.372000 ms MarkObjects: 13.424600 ms  DeleteObjects: 2.416900 ms)

Prepare: number of updated asset objects reloaded= 0
========================================================================
Received Prepare
Refreshing native plugins compatible for Editor in 1.54 ms, found 3 plugins.
Preloading 0 native plugins for Editor in 0.00 ms.
Unloading 1 Unused Serialized files (Serialized files now loaded: 0)
Unloading 3712 unused Assets / (1.5 MB). Loaded Objects now: 4254.
Memory consumption went from 96.0 MB to 94.5 MB.
Total: 13.849600 ms (FindLiveObjects: 0.648500 ms CreateObjectMapping: 0.599900 ms MarkObjects: 10.343100 ms  DeleteObjects: 2.255600 ms)

Prepare: number of updated asset objects reloaded= 0
========================================================================
Received Prepare
Begin MonoManager ReloadAssembly
- Loaded All Assemblies, in  2.819 seconds
Refreshing native plugins compatible for Editor in 1.54 ms, found 3 plugins.
Native extension for Android target not found
Native extension for WindowsStandalone target not found
Native extension for WebGL target not found
Mono: successfully reloaded assembly
- Finished resetting the current domain, in  2.248 seconds
Domain Reload Profiling: 5070ms
	BeginReloadAssembly (581ms)
		ExecutionOrderSort (0ms)
		DisableScriptedObjects (17ms)
		BackupInstance (0ms)
		ReleaseScriptingObjects (0ms)
		CreateAndSetChildDomain (118ms)
	RebuildCommonClasses (87ms)
	RebuildNativeTypeToScriptingClass (37ms)
	initialDomainReloadingComplete (68ms)
	LoadAllAssembliesAndSetupDomain (2047ms)
		LoadAssemblies (2093ms)
		RebuildTransferFunctionScriptingTraits (0ms)
		AnalyzeDomain (324ms)
			TypeCache.Refresh (14ms)
				TypeCache.ScanAssembly (2ms)
			BuildScriptInfoCaches (293ms)
			ResolveRequiredComponents (12ms)
	FinalizeReload (2249ms)
		ReleaseScriptCaches (0ms)
		RebuildScriptCaches (0ms)
		SetupLoadedEditorAssemblies (1978ms)
			LogAssemblyErrors (0ms)
			InitializePlatformSupportModulesInManaged (39ms)
			SetLoadedEditorAssemblies (16ms)
			BeforeProcessingInitializeOnLoad (350ms)
			ProcessInitializeOnLoadAttributes (1502ms)
			ProcessInitializeOnLoadMethodAttributes (62ms)
			AfterProcessingInitializeOnLoad (8ms)
			EditorAssembliesLoaded (1ms)
		ExecutionOrderSort2 (0ms)
		AwakeInstancesAfterBackupRestoration (19ms)
Refreshing native plugins compatible for Editor in 2.48 ms, found 3 plugins.
Preloading 0 native plugins for Editor in 0.00 ms.
Unloading 1 Unused Serialized files (Serialized files now loaded: 0)
Unloading 3719 unused Assets / (1.5 MB). Loaded Objects now: 4254.
Memory consumption went from 95.8 MB to 94.4 MB.
Total: 13.421000 ms (FindLiveObjects: 0.697500 ms CreateObjectMapping: 0.976700 ms MarkObjects: 9.116600 ms  DeleteObjects: 2.628100 ms)

Prepare: number of updated asset objects reloaded= 0
========================================================================
Received Import Request.
  Time since last request: 3178.171694 seconds.
  path: Assets/Scripts/GameManager.cs
  artifactKey: Guid(5736bc4e9a865c147a67695911ecf161) Importer(815301076,1909f56bfc062723c751e8b465ee728b)
Start importing Assets/Scripts/GameManager.cs using Guid(5736bc4e9a865c147a67695911ecf161) Importer(815301076,1909f56bfc062723c751e8b465ee728b) (PreviewImporter) -> (artifact id: '0ebe6432e5ae4c9aead9fe892046a108') in 0.0071501 seconds
Number of updated asset objects reloaded before import = 0Number of asset objects unloaded after import = 0

========================================================================
Received Prepare
Refreshing native plugins compatible for Editor in 5.33 ms, found 3 plugins.
Preloading 0 native plugins for Editor in 0.00 ms.
Unloading 1 Unused Serialized files (Serialized files now loaded: 0)
Unloading 3712 unused Assets / (1.3 MB). Loaded Objects now: 4254.
Memory consumption went from 96.0 MB to 94.7 MB.
Total: 21.360600 ms (FindLiveObjects: 0.947700 ms CreateObjectMapping: 1.865300 ms MarkObjects: 12.695900 ms  DeleteObjects: 5.848800 ms)

Prepare: number of updated asset objects reloaded= 0
========================================================================
Received Prepare
Begin MonoManager ReloadAssembly
- Loaded All Assemblies, in  2.736 seconds
Refreshing native plugins compatible for Editor in 1.96 ms, found 3 plugins.
Native extension for Android target not found
Native extension for WindowsStandalone target not found
Native extension for WebGL target not found
Mono: successfully reloaded assembly
- Finished resetting the current domain, in  2.650 seconds
Domain Reload Profiling: 5386ms
	BeginReloadAssembly (819ms)
		ExecutionOrderSort (0ms)
		DisableScriptedObjects (32ms)
		BackupInstance (0ms)
		ReleaseScriptingObjects (0ms)
		CreateAndSetChildDomain (151ms)
	RebuildCommonClasses (149ms)
	RebuildNativeTypeToScriptingClass (72ms)
	initialDomainReloadingComplete (110ms)
	LoadAllAssembliesAndSetupDomain (1585ms)
		LoadAssemblies (1334ms)
		RebuildTransferFunctionScriptingTraits (0ms)
		AnalyzeDomain (743ms)
			TypeCache.Refresh (33ms)
				TypeCache.ScanAssembly (3ms)
			BuildScriptInfoCaches (683ms)
			ResolveRequiredComponents (18ms)
	FinalizeReload (2651ms)
		ReleaseScriptCaches (0ms)
		RebuildScriptCaches (0ms)
		SetupLoadedEditorAssemblies (2351ms)
			LogAssemblyErrors (0ms)
			InitializePlatformSupportModulesInManaged (31ms)
			SetLoadedEditorAssemblies (10ms)
			BeforeProcessingInitializeOnLoad (462ms)
			ProcessInitializeOnLoadAttributes (1774ms)
			ProcessInitializeOnLoadMethodAttributes (65ms)
			AfterProcessingInitializeOnLoad (10ms)
			EditorAssembliesLoaded (1ms)
		ExecutionOrderSort2 (0ms)
		AwakeInstancesAfterBackupRestoration (20ms)
Refreshing native plugins compatible for Editor in 1.75 ms, found 3 plugins.
Preloading 0 native plugins for Editor in 0.00 ms.
Unloading 1 Unused Serialized files (Serialized files now loaded: 0)
Unloading 3719 unused Assets / (1.6 MB). Loaded Objects now: 4254.
Memory consumption went from 95.9 MB to 94.2 MB.
Total: 12.352300 ms (FindLiveObjects: 0.719900 ms CreateObjectMapping: 1.048400 ms MarkObjects: 8.330100 ms  DeleteObjects: 2.251400 ms)

Prepare: number of updated asset objects reloaded= 0
========================================================================
Received Prepare
Begin MonoManager ReloadAssembly
- Loaded All Assemblies, in  1.817 seconds
Refreshing native plugins compatible for Editor in 3.05 ms, found 3 plugins.
Native extension for Android target not found
Native extension for WindowsStandalone target not found
Native extension for WebGL target not found
Mono: successfully reloaded assembly
- Finished resetting the current domain, in  2.614 seconds
Domain Reload Profiling: 4432ms
	BeginReloadAssembly (527ms)
		ExecutionOrderSort (0ms)
		DisableScriptedObjects (13ms)
		BackupInstance (0ms)
		ReleaseScriptingObjects (0ms)
		CreateAndSetChildDomain (117ms)
	RebuildCommonClasses (97ms)
	RebuildNativeTypeToScriptingClass (28ms)
	initialDomainReloadingComplete (69ms)
	LoadAllAssembliesAndSetupDomain (1096ms)
		LoadAssemblies (1029ms)
		RebuildTransferFunctionScriptingTraits (0ms)
		AnalyzeDomain (388ms)
			TypeCache.Refresh (11ms)
				TypeCache.ScanAssembly (0ms)
			BuildScriptInfoCaches (358ms)
			ResolveRequiredComponents (12ms)
	FinalizeReload (2615ms)
		ReleaseScriptCaches (0ms)
		RebuildScriptCaches (0ms)
		SetupLoadedEditorAssemblies (2288ms)
			LogAssemblyErrors (0ms)
			InitializePlatformSupportModulesInManaged (41ms)
			SetLoadedEditorAssemblies (18ms)
			BeforeProcessingInitializeOnLoad (625ms)
			ProcessInitializeOnLoadAttributes (1522ms)
			ProcessInitializeOnLoadMethodAttributes (72ms)
			AfterProcessingInitializeOnLoad (8ms)
			EditorAssembliesLoaded (0ms)
		ExecutionOrderSort2 (0ms)
		AwakeInstancesAfterBackupRestoration (17ms)
Refreshing native plugins compatible for Editor in 3.32 ms, found 3 plugins.
Preloading 0 native plugins for Editor in 0.00 ms.
Unloading 1 Unused Serialized files (Serialized files now loaded: 0)
Unloading 3719 unused Assets / (1.5 MB). Loaded Objects now: 4254.
Memory consumption went from 95.9 MB to 94.3 MB.
Total: 16.147800 ms (FindLiveObjects: 0.764800 ms CreateObjectMapping: 1.220200 ms MarkObjects: 11.095600 ms  DeleteObjects: 3.064900 ms)

Prepare: number of updated asset objects reloaded= 0
========================================================================
Received Prepare
Refreshing native plugins compatible for Editor in 2.76 ms, found 3 plugins.
Preloading 0 native plugins for Editor in 0.00 ms.
Unloading 1 Unused Serialized files (Serialized files now loaded: 0)
Unloading 3712 unused Assets / (1.2 MB). Loaded Objects now: 4254.
Memory consumption went from 96.0 MB to 94.8 MB.
Total: 17.302100 ms (FindLiveObjects: 0.848200 ms CreateObjectMapping: 0.983400 ms MarkObjects: 10.958500 ms  DeleteObjects: 4.509900 ms)

Prepare: number of updated asset objects reloaded= 0
========================================================================
Received Prepare
Begin MonoManager ReloadAssembly
- Loaded All Assemblies, in  8.055 seconds
Refreshing native plugins compatible for Editor in 3.20 ms, found 3 plugins.
Native extension for Android target not found
Native extension for WindowsStandalone target not found
Native extension for WebGL target not found
Mono: successfully reloaded assembly
- Finished resetting the current domain, in  2.504 seconds
Domain Reload Profiling: 10563ms
	BeginReloadAssembly (621ms)
		ExecutionOrderSort (0ms)
		DisableScriptedObjects (23ms)
		BackupInstance (0ms)
		ReleaseScriptingObjects (0ms)
		CreateAndSetChildDomain (143ms)
	RebuildCommonClasses (633ms)
	RebuildNativeTypeToScriptingClass (37ms)
	initialDomainReloadingComplete (78ms)
	LoadAllAssembliesAndSetupDomain (6688ms)
		LoadAssemblies (6375ms)
		RebuildTransferFunctionScriptingTraits (0ms)
		AnalyzeDomain (688ms)
			TypeCache.Refresh (14ms)
				TypeCache.ScanAssembly (2ms)
			BuildScriptInfoCaches (646ms)
			ResolveRequiredComponents (15ms)
	FinalizeReload (2506ms)
		ReleaseScriptCaches (0ms)
		RebuildScriptCaches (0ms)
		SetupLoadedEditorAssemblies (2177ms)
			LogAssemblyErrors (0ms)
			InitializePlatformSupportModulesInManaged (35ms)
			SetLoadedEditorAssemblies (14ms)
			BeforeProcessingInitializeOnLoad (375ms)
			ProcessInitializeOnLoadAttributes (1638ms)
			ProcessInitializeOnLoadMethodAttributes (100ms)
			AfterProcessingInitializeOnLoad (14ms)
			EditorAssembliesLoaded (2ms)
		ExecutionOrderSort2 (0ms)
		AwakeInstancesAfterBackupRestoration (35ms)
Refreshing native plugins compatible for Editor in 4.15 ms, found 3 plugins.
Preloading 0 native plugins for Editor in 0.00 ms.
Unloading 1 Unused Serialized files (Serialized files now loaded: 0)
Unloading 3719 unused Assets / (1.6 MB). Loaded Objects now: 4254.
Memory consumption went from 95.9 MB to 94.3 MB.
Total: 21.626000 ms (FindLiveObjects: 0.660000 ms CreateObjectMapping: 0.934600 ms MarkObjects: 16.322700 ms  DeleteObjects: 3.706900 ms)

Prepare: number of updated asset objects reloaded= 0
========================================================================
Received Prepare
Begin MonoManager ReloadAssembly
- Loaded All Assemblies, in  2.094 seconds
Refreshing native plugins compatible for Editor in 3.07 ms, found 3 plugins.
Native extension for Android target not found
Native extension for WindowsStandalone target not found
Native extension for WebGL target not found
Mono: successfully reloaded assembly
- Finished resetting the current domain, in  2.862 seconds
Domain Reload Profiling: 4956ms
	BeginReloadAssembly (560ms)
		ExecutionOrderSort (0ms)
		DisableScriptedObjects (24ms)
		BackupInstance (0ms)
		ReleaseScriptingObjects (0ms)
		CreateAndSetChildDomain (120ms)
	RebuildCommonClasses (113ms)
	RebuildNativeTypeToScriptingClass (30ms)
	initialDomainReloadingComplete (66ms)
	LoadAllAssembliesAndSetupDomain (1323ms)
		LoadAssemblies (1235ms)
		RebuildTransferFunctionScriptingTraits (0ms)
		AnalyzeDomain (413ms)
			TypeCache.Refresh (15ms)
				TypeCache.ScanAssembly (0ms)
			BuildScriptInfoCaches (367ms)
			ResolveRequiredComponents (25ms)
	FinalizeReload (2863ms)
		ReleaseScriptCaches (0ms)
		RebuildScriptCaches (0ms)
		SetupLoadedEditorAssemblies (2505ms)
			LogAssemblyErrors (0ms)
			InitializePlatformSupportModulesInManaged (37ms)
			SetLoadedEditorAssemblies (14ms)
			BeforeProcessingInitializeOnLoad (481ms)
			ProcessInitializeOnLoadAttributes (1900ms)
			ProcessInitializeOnLoadMethodAttributes (64ms)
			AfterProcessingInitializeOnLoad (9ms)
			EditorAssembliesLoaded (0ms)
		ExecutionOrderSort2 (0ms)
		AwakeInstancesAfterBackupRestoration (18ms)
Refreshing native plugins compatible for Editor in 3.36 ms, found 3 plugins.
Preloading 0 native plugins for Editor in 0.00 ms.
Unloading 1 Unused Serialized files (Serialized files now loaded: 0)
Unloading 3719 unused Assets / (1.7 MB). Loaded Objects now: 4254.
Memory consumption went from 95.8 MB to 94.1 MB.
Total: 16.318800 ms (FindLiveObjects: 0.682600 ms CreateObjectMapping: 0.959700 ms MarkObjects: 10.834600 ms  DeleteObjects: 3.839400 ms)

Prepare: number of updated asset objects reloaded= 0
========================================================================
Received Prepare
Begin MonoManager ReloadAssembly
- Loaded All Assemblies, in  1.824 seconds
Refreshing native plugins compatible for Editor in 3.62 ms, found 3 plugins.
Native extension for Android target not found
Native extension for WindowsStandalone target not found
Native extension for WebGL target not found
Mono: successfully reloaded assembly
- Finished resetting the current domain, in  2.864 seconds
Domain Reload Profiling: 4686ms
	BeginReloadAssembly (511ms)
		ExecutionOrderSort (0ms)
		DisableScriptedObjects (18ms)
		BackupInstance (0ms)
		ReleaseScriptingObjects (0ms)
		CreateAndSetChildDomain (111ms)
	RebuildCommonClasses (134ms)
	RebuildNativeTypeToScriptingClass (48ms)
	initialDomainReloadingComplete (97ms)
	LoadAllAssembliesAndSetupDomain (1031ms)
		LoadAssemblies (962ms)
		RebuildTransferFunctionScriptingTraits (0ms)
		AnalyzeDomain (366ms)
			TypeCache.Refresh (9ms)
				TypeCache.ScanAssembly (0ms)
			BuildScriptInfoCaches (336ms)
			ResolveRequiredComponents (14ms)
	FinalizeReload (2865ms)
		ReleaseScriptCaches (0ms)
		RebuildScriptCaches (0ms)
		SetupLoadedEditorAssemblies (2535ms)
			LogAssemblyErrors (0ms)
			InitializePlatformSupportModulesInManaged (32ms)
			SetLoadedEditorAssemblies (15ms)
			BeforeProcessingInitializeOnLoad (386ms)
			ProcessInitializeOnLoadAttributes (2008ms)
			ProcessInitializeOnLoadMethodAttributes (85ms)
			AfterProcessingInitializeOnLoad (8ms)
			EditorAssembliesLoaded (1ms)
		ExecutionOrderSort2 (0ms)
		AwakeInstancesAfterBackupRestoration (16ms)
Refreshing native plugins compatible for Editor in 3.26 ms, found 3 plugins.
Preloading 0 native plugins for Editor in 0.00 ms.
Unloading 1 Unused Serialized files (Serialized files now loaded: 0)
Unloading 3719 unused Assets / (1.8 MB). Loaded Objects now: 4254.
Memory consumption went from 95.8 MB to 94.0 MB.
Total: 27.977800 ms (FindLiveObjects: 1.033100 ms CreateObjectMapping: 1.626400 ms MarkObjects: 15.369000 ms  DeleteObjects: 9.944400 ms)

Prepare: number of updated asset objects reloaded= 0
========================================================================
Received Prepare
Begin MonoManager ReloadAssembly
- Loaded All Assemblies, in  2.152 seconds
Refreshing native plugins compatible for Editor in 3.04 ms, found 3 plugins.
Native extension for Android target not found
Native extension for WindowsStandalone target not found
Native extension for WebGL target not found
Mono: successfully reloaded assembly
- Finished resetting the current domain, in  2.387 seconds
Domain Reload Profiling: 4539ms
	BeginReloadAssembly (588ms)
		ExecutionOrderSort (0ms)
		DisableScriptedObjects (16ms)
		BackupInstance (0ms)
		ReleaseScriptingObjects (0ms)
		CreateAndSetChildDomain (110ms)
	RebuildCommonClasses (133ms)
	RebuildNativeTypeToScriptingClass (43ms)
	initialDomainReloadingComplete (89ms)
	LoadAllAssembliesAndSetupDomain (1298ms)
		LoadAssemblies (1325ms)
		RebuildTransferFunctionScriptingTraits (0ms)
		AnalyzeDomain (366ms)
			TypeCache.Refresh (13ms)
				TypeCache.ScanAssembly (0ms)
			BuildScriptInfoCaches (335ms)
			ResolveRequiredComponents (13ms)
	FinalizeReload (2389ms)
		ReleaseScriptCaches (0ms)
		RebuildScriptCaches (0ms)
		SetupLoadedEditorAssemblies (2084ms)
			LogAssemblyErrors (0ms)
			InitializePlatformSupportModulesInManaged (36ms)
			SetLoadedEditorAssemblies (11ms)
			BeforeProcessingInitializeOnLoad (369ms)
			ProcessInitializeOnLoadAttributes (1597ms)
			ProcessInitializeOnLoadMethodAttributes (60ms)
			AfterProcessingInitializeOnLoad (11ms)
			EditorAssembliesLoaded (1ms)
		ExecutionOrderSort2 (0ms)
		AwakeInstancesAfterBackupRestoration (18ms)
Refreshing native plugins compatible for Editor in 4.60 ms, found 3 plugins.
Preloading 0 native plugins for Editor in 0.00 ms.
Unloading 1 Unused Serialized files (Serialized files now loaded: 0)
Unloading 3719 unused Assets / (1.5 MB). Loaded Objects now: 4254.
Memory consumption went from 95.8 MB to 94.3 MB.
Total: 14.796300 ms (FindLiveObjects: 0.709400 ms CreateObjectMapping: 1.406200 ms MarkObjects: 10.114200 ms  DeleteObjects: 2.564300 ms)

Prepare: number of updated asset objects reloaded= 0
========================================================================
Received Prepare
Refreshing native plugins compatible for Editor in 3.61 ms, found 3 plugins.
Preloading 0 native plugins for Editor in 0.00 ms.
Unloading 1 Unused Serialized files (Serialized files now loaded: 0)
Unloading 3712 unused Assets / (1.6 MB). Loaded Objects now: 4254.
Memory consumption went from 96.0 MB to 94.4 MB.
Total: 15.691800 ms (FindLiveObjects: 0.654200 ms CreateObjectMapping: 1.113100 ms MarkObjects: 11.310600 ms  DeleteObjects: 2.611400 ms)

Prepare: number of updated asset objects reloaded= 0
========================================================================
Received Prepare
Begin MonoManager ReloadAssembly
- Loaded All Assemblies, in  1.942 seconds
Refreshing native plugins compatible for Editor in 2.56 ms, found 3 plugins.
Native extension for Android target not found
Native extension for WindowsStandalone target not found
Native extension for WebGL target not found
Mono: successfully reloaded assembly
- Finished resetting the current domain, in  2.755 seconds
Domain Reload Profiling: 4698ms
	BeginReloadAssembly (675ms)
		ExecutionOrderSort (0ms)
		DisableScriptedObjects (19ms)
		BackupInstance (0ms)
		ReleaseScriptingObjects (0ms)
		CreateAndSetChildDomain (178ms)
	RebuildCommonClasses (99ms)
	RebuildNativeTypeToScriptingClass (33ms)
	initialDomainReloadingComplete (69ms)
	LoadAllAssembliesAndSetupDomain (1066ms)
		LoadAssemblies (1027ms)
		RebuildTransferFunctionScriptingTraits (0ms)
		AnalyzeDomain (441ms)
			TypeCache.Refresh (19ms)
				TypeCache.ScanAssembly (3ms)
			BuildScriptInfoCaches (393ms)
			ResolveRequiredComponents (20ms)
	FinalizeReload (2756ms)
		ReleaseScriptCaches (0ms)
		RebuildScriptCaches (0ms)
		SetupLoadedEditorAssemblies (2405ms)
			LogAssemblyErrors (0ms)
			InitializePlatformSupportModulesInManaged (47ms)
			SetLoadedEditorAssemblies (18ms)
			BeforeProcessingInitializeOnLoad (457ms)
			ProcessInitializeOnLoadAttributes (1817ms)
			ProcessInitializeOnLoadMethodAttributes (59ms)
			AfterProcessingInitializeOnLoad (7ms)
			EditorAssembliesLoaded (0ms)
		ExecutionOrderSort2 (0ms)
		AwakeInstancesAfterBackupRestoration (14ms)
Refreshing native plugins compatible for Editor in 3.61 ms, found 3 plugins.
Preloading 0 native plugins for Editor in 0.00 ms.
Unloading 1 Unused Serialized files (Serialized files now loaded: 0)
Unloading 3719 unused Assets / (1.5 MB). Loaded Objects now: 4254.
Memory consumption went from 95.8 MB to 94.3 MB.
Total: 15.418200 ms (FindLiveObjects: 0.660300 ms CreateObjectMapping: 1.617900 ms MarkObjects: 10.234200 ms  DeleteObjects: 2.903200 ms)

Prepare: number of updated asset objects reloaded= 0
========================================================================
Received Prepare
Begin MonoManager ReloadAssembly
- Loaded All Assemblies, in  1.687 seconds
Refreshing native plugins compatible for Editor in 168.04 ms, found 3 plugins.
Native extension for Android target not found
Native extension for WindowsStandalone target not found
Native extension for WebGL target not found
Mono: successfully reloaded assembly
- Finished resetting the current domain, in  7.350 seconds
Domain Reload Profiling: 9039ms
	BeginReloadAssembly (634ms)
		ExecutionOrderSort (0ms)
		DisableScriptedObjects (11ms)
		BackupInstance (0ms)
		ReleaseScriptingObjects (0ms)
		CreateAndSetChildDomain (111ms)
	RebuildCommonClasses (86ms)
	RebuildNativeTypeToScriptingClass (31ms)
	initialDomainReloadingComplete (55ms)
	LoadAllAssembliesAndSetupDomain (882ms)
		LoadAssemblies (1010ms)
		RebuildTransferFunctionScriptingTraits (0ms)
		AnalyzeDomain (323ms)
			TypeCache.Refresh (8ms)
				TypeCache.ScanAssembly (0ms)
			BuildScriptInfoCaches (295ms)
			ResolveRequiredComponents (13ms)
	FinalizeReload (7351ms)
		ReleaseScriptCaches (0ms)
		RebuildScriptCaches (0ms)
		SetupLoadedEditorAssemblies (2146ms)
			LogAssemblyErrors (0ms)
			InitializePlatformSupportModulesInManaged (31ms)
			SetLoadedEditorAssemblies (11ms)
			BeforeProcessingInitializeOnLoad (432ms)
			ProcessInitializeOnLoadAttributes (1614ms)
			ProcessInitializeOnLoadMethodAttributes (50ms)
			AfterProcessingInitializeOnLoad (8ms)
			EditorAssembliesLoaded (0ms)
		ExecutionOrderSort2 (0ms)
		AwakeInstancesAfterBackupRestoration (14ms)
Refreshing native plugins compatible for Editor in 2.57 ms, found 3 plugins.
Preloading 0 native plugins for Editor in 0.00 ms.
Unloading 1 Unused Serialized files (Serialized files now loaded: 0)
Unloading 3719 unused Assets / (1.7 MB). Loaded Objects now: 4254.
Memory consumption went from 95.8 MB to 94.1 MB.
Total: 14.630400 ms (FindLiveObjects: 0.740200 ms CreateObjectMapping: 0.944700 ms MarkObjects: 9.545900 ms  DeleteObjects: 3.397300 ms)

Prepare: number of updated asset objects reloaded= 0
========================================================================
Received Prepare
Refreshing native plugins compatible for Editor in 3.34 ms, found 3 plugins.
Preloading 0 native plugins for Editor in 0.00 ms.
Unloading 1 Unused Serialized files (Serialized files now loaded: 0)
Unloading 3712 unused Assets / (1.5 MB). Loaded Objects now: 4254.
Memory consumption went from 96.0 MB to 94.5 MB.
Total: 25.400800 ms (FindLiveObjects: 1.177200 ms CreateObjectMapping: 4.497500 ms MarkObjects: 16.843800 ms  DeleteObjects: 2.878100 ms)

Prepare: number of updated asset objects reloaded= 0
========================================================================
Received Prepare
Begin MonoManager ReloadAssembly
- Loaded All Assemblies, in  2.037 seconds
Refreshing native plugins compatible for Editor in 4.43 ms, found 3 plugins.
Native extension for Android target not found
Native extension for WindowsStandalone target not found
Native extension for WebGL target not found
Mono: successfully reloaded assembly
- Finished resetting the current domain, in  2.764 seconds
Domain Reload Profiling: 4805ms
	BeginReloadAssembly (582ms)
		ExecutionOrderSort (0ms)
		DisableScriptedObjects (24ms)
		BackupInstance (0ms)
		ReleaseScriptingObjects (0ms)
		CreateAndSetChildDomain (125ms)
	RebuildCommonClasses (110ms)
	RebuildNativeTypeToScriptingClass (37ms)
	initialDomainReloadingComplete (76ms)
	LoadAllAssembliesAndSetupDomain (1233ms)
		LoadAssemblies (1028ms)
		RebuildTransferFunctionScriptingTraits (0ms)
		AnalyzeDomain (547ms)
			TypeCache.Refresh (16ms)
				TypeCache.ScanAssembly (3ms)
			BuildScriptInfoCaches (502ms)
			ResolveRequiredComponents (19ms)
	FinalizeReload (2767ms)
		ReleaseScriptCaches (0ms)
		RebuildScriptCaches (0ms)
		SetupLoadedEditorAssemblies (2391ms)
			LogAssemblyErrors (0ms)
			InitializePlatformSupportModulesInManaged (35ms)
			SetLoadedEditorAssemblies (17ms)
			BeforeProcessingInitializeOnLoad (375ms)
			ProcessInitializeOnLoadAttributes (1857ms)
			ProcessInitializeOnLoadMethodAttributes (97ms)
			AfterProcessingInitializeOnLoad (10ms)
			EditorAssembliesLoaded (1ms)
		ExecutionOrderSort2 (0ms)
		AwakeInstancesAfterBackupRestoration (28ms)
Refreshing native plugins compatible for Editor in 2.96 ms, found 3 plugins.
Preloading 0 native plugins for Editor in 0.00 ms.
Unloading 1 Unused Serialized files (Serialized files now loaded: 0)
Unloading 3719 unused Assets / (1.7 MB). Loaded Objects now: 4254.
Memory consumption went from 95.8 MB to 94.1 MB.
Total: 17.564900 ms (FindLiveObjects: 1.779500 ms CreateObjectMapping: 1.408800 ms MarkObjects: 11.030800 ms  DeleteObjects: 3.342500 ms)

Prepare: number of updated asset objects reloaded= 0
========================================================================
Received Prepare
Begin MonoManager ReloadAssembly
- Loaded All Assemblies, in  1.756 seconds
Refreshing native plugins compatible for Editor in 2.42 ms, found 3 plugins.
Native extension for Android target not found
Native extension for WindowsStandalone target not found
Native extension for WebGL target not found
Mono: successfully reloaded assembly
- Finished resetting the current domain, in  2.410 seconds
Domain Reload Profiling: 4169ms
	BeginReloadAssembly (574ms)
		ExecutionOrderSort (0ms)
		DisableScriptedObjects (16ms)
		BackupInstance (0ms)
		ReleaseScriptingObjects (0ms)
		CreateAndSetChildDomain (101ms)
	RebuildCommonClasses (91ms)
	RebuildNativeTypeToScriptingClass (31ms)
	initialDomainReloadingComplete (67ms)
	LoadAllAssembliesAndSetupDomain (994ms)
		LoadAssemblies (1008ms)
		RebuildTransferFunctionScriptingTraits (0ms)
		AnalyzeDomain (373ms)
			TypeCache.Refresh (10ms)
				TypeCache.ScanAssembly (0ms)
			BuildScriptInfoCaches (344ms)
			ResolveRequiredComponents (12ms)
	FinalizeReload (2412ms)
		ReleaseScriptCaches (0ms)
		RebuildScriptCaches (0ms)
		SetupLoadedEditorAssemblies (2092ms)
			LogAssemblyErrors (0ms)
			InitializePlatformSupportModulesInManaged (35ms)
			SetLoadedEditorAssemblies (14ms)
			BeforeProcessingInitializeOnLoad (362ms)
			ProcessInitializeOnLoadAttributes (1612ms)
			ProcessInitializeOnLoadMethodAttributes (59ms)
			AfterProcessingInitializeOnLoad (8ms)
			EditorAssembliesLoaded (1ms)
		ExecutionOrderSort2 (0ms)
		AwakeInstancesAfterBackupRestoration (17ms)
Refreshing native plugins compatible for Editor in 3.27 ms, found 3 plugins.
Preloading 0 native plugins for Editor in 0.00 ms.
Unloading 1 Unused Serialized files (Serialized files now loaded: 0)
Unloading 3719 unused Assets / (1.5 MB). Loaded Objects now: 4254.
Memory consumption went from 95.8 MB to 94.3 MB.
Total: 15.765700 ms (FindLiveObjects: 0.877200 ms CreateObjectMapping: 1.197200 ms MarkObjects: 10.427100 ms  DeleteObjects: 3.258600 ms)

Prepare: number of updated asset objects reloaded= 0
========================================================================
Received Prepare
Refreshing native plugins compatible for Editor in 2.30 ms, found 3 plugins.
Preloading 0 native plugins for Editor in 0.00 ms.
Unloading 1 Unused Serialized files (Serialized files now loaded: 0)
Unloading 3712 unused Assets / (1.4 MB). Loaded Objects now: 4254.
Memory consumption went from 96.0 MB to 94.6 MB.
Total: 18.846700 ms (FindLiveObjects: 0.815800 ms CreateObjectMapping: 1.210800 ms MarkObjects: 13.755600 ms  DeleteObjects: 3.061800 ms)

Prepare: number of updated asset objects reloaded= 0
========================================================================
Received Prepare
Begin MonoManager ReloadAssembly
- Loaded All Assemblies, in  3.016 seconds
Refreshing native plugins compatible for Editor in 3.66 ms, found 3 plugins.
Native extension for Android target not found
Native extension for WindowsStandalone target not found
Native extension for WebGL target not found
Mono: successfully reloaded assembly
- Finished resetting the current domain, in  4.568 seconds
Domain Reload Profiling: 7585ms
	BeginReloadAssembly (951ms)
		ExecutionOrderSort (0ms)
		DisableScriptedObjects (28ms)
		BackupInstance (0ms)
		ReleaseScriptingObjects (0ms)
		CreateAndSetChildDomain (191ms)
	RebuildCommonClasses (120ms)
	RebuildNativeTypeToScriptingClass (79ms)
	initialDomainReloadingComplete (194ms)
	LoadAllAssembliesAndSetupDomain (1671ms)
		LoadAssemblies (1841ms)
		RebuildTransferFunctionScriptingTraits (0ms)
		AnalyzeDomain (422ms)
			TypeCache.Refresh (28ms)
				TypeCache.ScanAssembly (6ms)
			BuildScriptInfoCaches (362ms)
			ResolveRequiredComponents (20ms)
	FinalizeReload (4570ms)
		ReleaseScriptCaches (0ms)
		RebuildScriptCaches (0ms)
		SetupLoadedEditorAssemblies (3883ms)
			LogAssemblyErrors (0ms)
			InitializePlatformSupportModulesInManaged (68ms)
			SetLoadedEditorAssemblies (44ms)
			BeforeProcessingInitializeOnLoad (1061ms)
			ProcessInitializeOnLoadAttributes (2637ms)
			ProcessInitializeOnLoadMethodAttributes (57ms)
			AfterProcessingInitializeOnLoad (16ms)
			EditorAssembliesLoaded (1ms)
		ExecutionOrderSort2 (0ms)
		AwakeInstancesAfterBackupRestoration (32ms)
Refreshing native plugins compatible for Editor in 3.50 ms, found 3 plugins.
Preloading 0 native plugins for Editor in 0.00 ms.
Unloading 1 Unused Serialized files (Serialized files now loaded: 0)
Unloading 3719 unused Assets / (1.6 MB). Loaded Objects now: 4254.
Memory consumption went from 95.8 MB to 94.2 MB.
Total: 21.661400 ms (FindLiveObjects: 0.849300 ms CreateObjectMapping: 1.562200 ms MarkObjects: 15.101400 ms  DeleteObjects: 4.092500 ms)

Prepare: number of updated asset objects reloaded= 0
========================================================================
Received Prepare
Begin MonoManager ReloadAssembly
- Loaded All Assemblies, in  1.644 seconds
Refreshing native plugins compatible for Editor in 2.03 ms, found 3 plugins.
Native extension for Android target not found
Native extension for WindowsStandalone target not found
Native extension for WebGL target not found
Mono: successfully reloaded assembly
- Finished resetting the current domain, in  2.179 seconds
Domain Reload Profiling: 3823ms
	BeginReloadAssembly (518ms)
		ExecutionOrderSort (0ms)
		DisableScriptedObjects (20ms)
		BackupInstance (0ms)
		ReleaseScriptingObjects (0ms)
		CreateAndSetChildDomain (103ms)
	RebuildCommonClasses (104ms)
	RebuildNativeTypeToScriptingClass (38ms)
	initialDomainReloadingComplete (69ms)
	LoadAllAssembliesAndSetupDomain (915ms)
		LoadAssemblies (917ms)
		RebuildTransferFunctionScriptingTraits (0ms)
		AnalyzeDomain (306ms)
			TypeCache.Refresh (13ms)
				TypeCache.ScanAssembly (1ms)
			BuildScriptInfoCaches (277ms)
			ResolveRequiredComponents (11ms)
	FinalizeReload (2180ms)
		ReleaseScriptCaches (0ms)
		RebuildScriptCaches (0ms)
		SetupLoadedEditorAssemblies (1899ms)
			LogAssemblyErrors (0ms)
			InitializePlatformSupportModulesInManaged (33ms)
			SetLoadedEditorAssemblies (14ms)
			BeforeProcessingInitializeOnLoad (380ms)
			ProcessInitializeOnLoadAttributes (1402ms)
			ProcessInitializeOnLoadMethodAttributes (58ms)
			AfterProcessingInitializeOnLoad (11ms)
			EditorAssembliesLoaded (0ms)
		ExecutionOrderSort2 (0ms)
		AwakeInstancesAfterBackupRestoration (15ms)
Refreshing native plugins compatible for Editor in 3.15 ms, found 3 plugins.
Preloading 0 native plugins for Editor in 0.00 ms.
Unloading 1 Unused Serialized files (Serialized files now loaded: 0)
Unloading 3719 unused Assets / (1.3 MB). Loaded Objects now: 4254.
Memory consumption went from 95.8 MB to 94.5 MB.
Total: 13.228100 ms (FindLiveObjects: 0.665500 ms CreateObjectMapping: 0.840300 ms MarkObjects: 9.032200 ms  DeleteObjects: 2.688100 ms)

Prepare: number of updated asset objects reloaded= 0
========================================================================
Received Prepare
Begin MonoManager ReloadAssembly
- Loaded All Assemblies, in  1.542 seconds
Refreshing native plugins compatible for Editor in 1.84 ms, found 3 plugins.
Native extension for Android target not found
Native extension for WindowsStandalone target not found
Native extension for WebGL target not found
Mono: successfully reloaded assembly
- Finished resetting the current domain, in  2.499 seconds
Domain Reload Profiling: 4043ms
	BeginReloadAssembly (453ms)
		ExecutionOrderSort (0ms)
		DisableScriptedObjects (14ms)
		BackupInstance (0ms)
		ReleaseScriptingObjects (0ms)
		CreateAndSetChildDomain (96ms)
	RebuildCommonClasses (86ms)
	RebuildNativeTypeToScriptingClass (24ms)
	initialDomainReloadingComplete (58ms)
	LoadAllAssembliesAndSetupDomain (922ms)
		LoadAssemblies (850ms)
		RebuildTransferFunctionScriptingTraits (0ms)
		AnalyzeDomain (350ms)
			TypeCache.Refresh (9ms)
				TypeCache.ScanAssembly (0ms)
			BuildScriptInfoCaches (320ms)
			ResolveRequiredComponents (13ms)
	FinalizeReload (2500ms)
		ReleaseScriptCaches (0ms)
		RebuildScriptCaches (0ms)
		SetupLoadedEditorAssemblies (2218ms)
			LogAssemblyErrors (0ms)
			InitializePlatformSupportModulesInManaged (29ms)
			SetLoadedEditorAssemblies (19ms)
			BeforeProcessingInitializeOnLoad (343ms)
			ProcessInitializeOnLoadAttributes (1769ms)
			ProcessInitializeOnLoadMethodAttributes (51ms)
			AfterProcessingInitializeOnLoad (6ms)
			EditorAssembliesLoaded (0ms)
		ExecutionOrderSort2 (0ms)
		AwakeInstancesAfterBackupRestoration (16ms)
Refreshing native plugins compatible for Editor in 2.35 ms, found 3 plugins.
Preloading 0 native plugins for Editor in 0.00 ms.
Unloading 1 Unused Serialized files (Serialized files now loaded: 0)
Unloading 3719 unused Assets / (1.3 MB). Loaded Objects now: 4254.
Memory consumption went from 96.0 MB to 94.7 MB.
Total: 14.480300 ms (FindLiveObjects: 0.670400 ms CreateObjectMapping: 0.640000 ms MarkObjects: 9.737400 ms  DeleteObjects: 3.430400 ms)

Prepare: number of updated asset objects reloaded= 0
========================================================================
Received Prepare
Refreshing native plugins compatible for Editor in 2.60 ms, found 3 plugins.
Preloading 0 native plugins for Editor in 0.00 ms.
Unloading 1 Unused Serialized files (Serialized files now loaded: 0)
Unloading 3712 unused Assets / (1.5 MB). Loaded Objects now: 4254.
Memory consumption went from 96.2 MB to 94.6 MB.
Total: 18.905100 ms (FindLiveObjects: 0.714900 ms CreateObjectMapping: 1.200700 ms MarkObjects: 13.356400 ms  DeleteObjects: 3.630100 ms)

Prepare: number of updated asset objects reloaded= 0
========================================================================
Received Prepare
Begin MonoManager ReloadAssembly
- Loaded All Assemblies, in  1.788 seconds
Refreshing native plugins compatible for Editor in 2.03 ms, found 3 plugins.
Native extension for Android target not found
Native extension for WindowsStandalone target not found
Native extension for WebGL target not found
Mono: successfully reloaded assembly
- Finished resetting the current domain, in  2.385 seconds
Domain Reload Profiling: 4173ms
	BeginReloadAssembly (578ms)
		ExecutionOrderSort (0ms)
		DisableScriptedObjects (22ms)
		BackupInstance (0ms)
		ReleaseScriptingObjects (0ms)
		CreateAndSetChildDomain (112ms)
	RebuildCommonClasses (129ms)
	RebuildNativeTypeToScriptingClass (38ms)
	initialDomainReloadingComplete (69ms)
	LoadAllAssembliesAndSetupDomain (973ms)
		LoadAssemblies (1006ms)
		RebuildTransferFunctionScriptingTraits (0ms)
		AnalyzeDomain (337ms)
			TypeCache.Refresh (16ms)
				TypeCache.ScanAssembly (2ms)
			BuildScriptInfoCaches (303ms)
			ResolveRequiredComponents (12ms)
	FinalizeReload (2386ms)
		ReleaseScriptCaches (0ms)
		RebuildScriptCaches (0ms)
		SetupLoadedEditorAssemblies (2109ms)
			LogAssemblyErrors (0ms)
			InitializePlatformSupportModulesInManaged (39ms)
			SetLoadedEditorAssemblies (15ms)
			BeforeProcessingInitializeOnLoad (403ms)
			ProcessInitializeOnLoadAttributes (1595ms)
			ProcessInitializeOnLoadMethodAttributes (49ms)
			AfterProcessingInitializeOnLoad (6ms)
			EditorAssembliesLoaded (0ms)
		ExecutionOrderSort2 (0ms)
		AwakeInstancesAfterBackupRestoration (16ms)
Refreshing native plugins compatible for Editor in 2.29 ms, found 3 plugins.
Preloading 0 native plugins for Editor in 0.00 ms.
Unloading 1 Unused Serialized files (Serialized files now loaded: 0)
Unloading 3719 unused Assets / (1.5 MB). Loaded Objects now: 4254.
Memory consumption went from 96.0 MB to 94.5 MB.
Total: 13.584800 ms (FindLiveObjects: 0.957900 ms CreateObjectMapping: 0.902600 ms MarkObjects: 9.982600 ms  DeleteObjects: 1.739400 ms)

Prepare: number of updated asset objects reloaded= 0
========================================================================
Received Prepare
Begin MonoManager ReloadAssembly
- Loaded All Assemblies, in  1.523 seconds
Refreshing native plugins compatible for Editor in 2.01 ms, found 3 plugins.
Native extension for Android target not found
Native extension for WindowsStandalone target not found
Native extension for WebGL target not found
Mono: successfully reloaded assembly
- Finished resetting the current domain, in  2.433 seconds
Domain Reload Profiling: 3959ms
	BeginReloadAssembly (441ms)
		ExecutionOrderSort (0ms)
		DisableScriptedObjects (16ms)
		BackupInstance (0ms)
		ReleaseScriptingObjects (0ms)
		CreateAndSetChildDomain (90ms)
	RebuildCommonClasses (79ms)
	RebuildNativeTypeToScriptingClass (27ms)
	initialDomainReloadingComplete (52ms)
	LoadAllAssembliesAndSetupDomain (924ms)
		LoadAssemblies (845ms)
		RebuildTransferFunctionScriptingTraits (0ms)
		AnalyzeDomain (345ms)
			TypeCache.Refresh (10ms)
				TypeCache.ScanAssembly (0ms)
			BuildScriptInfoCaches (317ms)
			ResolveRequiredComponents (13ms)
	FinalizeReload (2437ms)
		ReleaseScriptCaches (0ms)
		RebuildScriptCaches (0ms)
		SetupLoadedEditorAssemblies (2100ms)
			LogAssemblyErrors (0ms)
			InitializePlatformSupportModulesInManaged (36ms)
			SetLoadedEditorAssemblies (17ms)
			BeforeProcessingInitializeOnLoad (342ms)
			ProcessInitializeOnLoadAttributes (1623ms)
			ProcessInitializeOnLoadMethodAttributes (74ms)
			AfterProcessingInitializeOnLoad (8ms)
			EditorAssembliesLoaded (1ms)
		ExecutionOrderSort2 (0ms)
		AwakeInstancesAfterBackupRestoration (21ms)
Refreshing native plugins compatible for Editor in 2.57 ms, found 3 plugins.
Preloading 0 native plugins for Editor in 0.00 ms.
Unloading 1 Unused Serialized files (Serialized files now loaded: 0)
Unloading 3719 unused Assets / (1.6 MB). Loaded Objects now: 4254.
Memory consumption went from 96.0 MB to 94.4 MB.
Total: 17.778600 ms (FindLiveObjects: 0.611800 ms CreateObjectMapping: 0.872600 ms MarkObjects: 12.570300 ms  DeleteObjects: 3.721000 ms)

Prepare: number of updated asset objects reloaded= 0
========================================================================
Received Prepare
Begin MonoManager ReloadAssembly
- Loaded All Assemblies, in  1.493 seconds
Refreshing native plugins compatible for Editor in 2.76 ms, found 3 plugins.
Native extension for Android target not found
Native extension for WindowsStandalone target not found
Native extension for WebGL target not found
Mono: successfully reloaded assembly
- Finished resetting the current domain, in  2.382 seconds
Domain Reload Profiling: 3877ms
	BeginReloadAssembly (466ms)
		ExecutionOrderSort (0ms)
		DisableScriptedObjects (14ms)
		BackupInstance (0ms)
		ReleaseScriptingObjects (0ms)
		CreateAndSetChildDomain (96ms)
	RebuildCommonClasses (93ms)
	RebuildNativeTypeToScriptingClass (30ms)
	initialDomainReloadingComplete (51ms)
	LoadAllAssembliesAndSetupDomain (854ms)
		LoadAssemblies (833ms)
		RebuildTransferFunctionScriptingTraits (0ms)
		AnalyzeDomain (307ms)
			TypeCache.Refresh (10ms)
				TypeCache.ScanAssembly (0ms)
			BuildScriptInfoCaches (280ms)
			ResolveRequiredComponents (12ms)
	FinalizeReload (2384ms)
		ReleaseScriptCaches (0ms)
		RebuildScriptCaches (0ms)
		SetupLoadedEditorAssemblies (2071ms)
			LogAssemblyErrors (0ms)
			InitializePlatformSupportModulesInManaged (36ms)
			SetLoadedEditorAssemblies (15ms)
			BeforeProcessingInitializeOnLoad (356ms)
			ProcessInitializeOnLoadAttributes (1582ms)
			ProcessInitializeOnLoadMethodAttributes (71ms)
			AfterProcessingInitializeOnLoad (10ms)
			EditorAssembliesLoaded (1ms)
		ExecutionOrderSort2 (0ms)
		AwakeInstancesAfterBackupRestoration (24ms)
Refreshing native plugins compatible for Editor in 2.62 ms, found 3 plugins.
Preloading 0 native plugins for Editor in 0.00 ms.
Unloading 1 Unused Serialized files (Serialized files now loaded: 0)
Unloading 3719 unused Assets / (1.4 MB). Loaded Objects now: 4254.
Memory consumption went from 96.0 MB to 94.6 MB.
Total: 13.593100 ms (FindLiveObjects: 0.624100 ms CreateObjectMapping: 0.900900 ms MarkObjects: 9.107700 ms  DeleteObjects: 2.958500 ms)

Prepare: number of updated asset objects reloaded= 0
========================================================================
Received Prepare
Refreshing native plugins compatible for Editor in 5.37 ms, found 3 plugins.
Preloading 0 native plugins for Editor in 0.00 ms.
Unloading 1 Unused Serialized files (Serialized files now loaded: 0)
Unloading 3712 unused Assets / (1.4 MB). Loaded Objects now: 4254.
Memory consumption went from 96.2 MB to 94.8 MB.
Total: 31.723900 ms (FindLiveObjects: 0.992400 ms CreateObjectMapping: 1.369800 ms MarkObjects: 23.451100 ms  DeleteObjects: 5.907600 ms)

Prepare: number of updated asset objects reloaded= 0
========================================================================
Received Prepare
Begin MonoManager ReloadAssembly
- Loaded All Assemblies, in  3.218 seconds
Refreshing native plugins compatible for Editor in 3.13 ms, found 3 plugins.
Native extension for Android target not found
Native extension for WindowsStandalone target not found
Native extension for WebGL target not found
Mono: successfully reloaded assembly
- Finished resetting the current domain, in  3.311 seconds
Domain Reload Profiling: 6534ms
	BeginReloadAssembly (675ms)
		ExecutionOrderSort (0ms)
		DisableScriptedObjects (27ms)
		BackupInstance (0ms)
		ReleaseScriptingObjects (0ms)
		CreateAndSetChildDomain (152ms)
	RebuildCommonClasses (124ms)
	RebuildNativeTypeToScriptingClass (38ms)
	initialDomainReloadingComplete (239ms)
	LoadAllAssembliesAndSetupDomain (2144ms)
		LoadAssemblies (1970ms)
		RebuildTransferFunctionScriptingTraits (0ms)
		AnalyzeDomain (529ms)
			TypeCache.Refresh (22ms)
				TypeCache.ScanAssembly (3ms)
			BuildScriptInfoCaches (477ms)
			ResolveRequiredComponents (22ms)
	FinalizeReload (3314ms)
		ReleaseScriptCaches (0ms)
		RebuildScriptCaches (0ms)
		SetupLoadedEditorAssemblies (2679ms)
			LogAssemblyErrors (0ms)
			InitializePlatformSupportModulesInManaged (57ms)
			SetLoadedEditorAssemblies (20ms)
			BeforeProcessingInitializeOnLoad (499ms)
			ProcessInitializeOnLoadAttributes (2014ms)
			ProcessInitializeOnLoadMethodAttributes (77ms)
			AfterProcessingInitializeOnLoad (11ms)
			EditorAssembliesLoaded (0ms)
		ExecutionOrderSort2 (0ms)
		AwakeInstancesAfterBackupRestoration (27ms)
Refreshing native plugins compatible for Editor in 2.58 ms, found 3 plugins.
Preloading 0 native plugins for Editor in 0.00 ms.
Unloading 1 Unused Serialized files (Serialized files now loaded: 0)
Unloading 3719 unused Assets / (1.6 MB). Loaded Objects now: 4254.
Memory consumption went from 96.0 MB to 94.4 MB.
Total: 19.587800 ms (FindLiveObjects: 1.471600 ms CreateObjectMapping: 1.433000 ms MarkObjects: 12.635300 ms  DeleteObjects: 4.045000 ms)

Prepare: number of updated asset objects reloaded= 0
========================================================================
Received Prepare
Begin MonoManager ReloadAssembly
- Loaded All Assemblies, in  2.101 seconds
Refreshing native plugins compatible for Editor in 4.81 ms, found 3 plugins.
Native extension for Android target not found
Native extension for WindowsStandalone target not found
Native extension for WebGL target not found
Mono: successfully reloaded assembly
- Finished resetting the current domain, in  3.341 seconds
Domain Reload Profiling: 5443ms
	BeginReloadAssembly (584ms)
		ExecutionOrderSort (0ms)
		DisableScriptedObjects (20ms)
		BackupInstance (0ms)
		ReleaseScriptingObjects (0ms)
		CreateAndSetChildDomain (132ms)
	RebuildCommonClasses (131ms)
	RebuildNativeTypeToScriptingClass (32ms)
	initialDomainReloadingComplete (75ms)
	LoadAllAssembliesAndSetupDomain (1279ms)
		LoadAssemblies (1145ms)
		RebuildTransferFunctionScriptingTraits (0ms)
		AnalyzeDomain (461ms)
			TypeCache.Refresh (12ms)
				TypeCache.ScanAssembly (0ms)
			BuildScriptInfoCaches (426ms)
			ResolveRequiredComponents (14ms)
	FinalizeReload (3342ms)
		ReleaseScriptCaches (0ms)
		RebuildScriptCaches (0ms)
		SetupLoadedEditorAssemblies (2802ms)
			LogAssemblyErrors (0ms)
			InitializePlatformSupportModulesInManaged (71ms)
			SetLoadedEditorAssemblies (37ms)
			BeforeProcessingInitializeOnLoad (593ms)
			ProcessInitializeOnLoadAttributes (2023ms)
			ProcessInitializeOnLoadMethodAttributes (67ms)
			AfterProcessingInitializeOnLoad (10ms)
			EditorAssembliesLoaded (0ms)
		ExecutionOrderSort2 (0ms)
		AwakeInstancesAfterBackupRestoration (21ms)
Refreshing native plugins compatible for Editor in 2.65 ms, found 3 plugins.
Preloading 0 native plugins for Editor in 0.00 ms.
Unloading 1 Unused Serialized files (Serialized files now loaded: 0)
Unloading 3719 unused Assets / (1.6 MB). Loaded Objects now: 4254.
Memory consumption went from 96.0 MB to 94.4 MB.
Total: 15.821100 ms (FindLiveObjects: 0.919500 ms CreateObjectMapping: 1.202800 ms MarkObjects: 10.005000 ms  DeleteObjects: 3.691900 ms)

Prepare: number of updated asset objects reloaded= 0
========================================================================
Received Prepare
Begin MonoManager ReloadAssembly
- Loaded All Assemblies, in  1.791 seconds
Refreshing native plugins compatible for Editor in 3.13 ms, found 3 plugins.
Native extension for Android target not found
Native extension for WindowsStandalone target not found
Native extension for WebGL target not found
Mono: successfully reloaded assembly
- Finished resetting the current domain, in  3.506 seconds
Domain Reload Profiling: 5297ms
	BeginReloadAssembly (537ms)
		ExecutionOrderSort (0ms)
		DisableScriptedObjects (18ms)
		BackupInstance (0ms)
		ReleaseScriptingObjects (0ms)
		CreateAndSetChildDomain (119ms)
	RebuildCommonClasses (85ms)
	RebuildNativeTypeToScriptingClass (32ms)
	initialDomainReloadingComplete (67ms)
	LoadAllAssembliesAndSetupDomain (1070ms)
		LoadAssemblies (990ms)
		RebuildTransferFunctionScriptingTraits (0ms)
		AnalyzeDomain (401ms)
			TypeCache.Refresh (13ms)
				TypeCache.ScanAssembly (0ms)
			BuildScriptInfoCaches (364ms)
			ResolveRequiredComponents (17ms)
	FinalizeReload (3507ms)
		ReleaseScriptCaches (0ms)
		RebuildScriptCaches (0ms)
		SetupLoadedEditorAssemblies (3114ms)
			LogAssemblyErrors (0ms)
			InitializePlatformSupportModulesInManaged (50ms)
			SetLoadedEditorAssemblies (21ms)
			BeforeProcessingInitializeOnLoad (595ms)
			ProcessInitializeOnLoadAttributes (2365ms)
			ProcessInitializeOnLoadMethodAttributes (73ms)
			AfterProcessingInitializeOnLoad (8ms)
			EditorAssembliesLoaded (0ms)
		ExecutionOrderSort2 (0ms)
		AwakeInstancesAfterBackupRestoration (22ms)
Refreshing native plugins compatible for Editor in 2.87 ms, found 3 plugins.
Preloading 0 native plugins for Editor in 0.00 ms.
Unloading 1 Unused Serialized files (Serialized files now loaded: 0)
Unloading 3719 unused Assets / (1.4 MB). Loaded Objects now: 4254.
Memory consumption went from 96.0 MB to 94.6 MB.
Total: 18.247700 ms (FindLiveObjects: 0.780400 ms CreateObjectMapping: 1.021700 ms MarkObjects: 13.340400 ms  DeleteObjects: 3.103100 ms)

Prepare: number of updated asset objects reloaded= 0
========================================================================
Received Prepare
Refreshing native plugins compatible for Editor in 1.48 ms, found 3 plugins.
Preloading 0 native plugins for Editor in 0.00 ms.
Unloading 1 Unused Serialized files (Serialized files now loaded: 0)
Unloading 3712 unused Assets / (1.9 MB). Loaded Objects now: 4254.
Memory consumption went from 96.2 MB to 94.3 MB.
Total: 15.712900 ms (FindLiveObjects: 0.597500 ms CreateObjectMapping: 0.616900 ms MarkObjects: 10.029600 ms  DeleteObjects: 4.465900 ms)

Prepare: number of updated asset objects reloaded= 0
========================================================================
Received Prepare
Begin MonoManager ReloadAssembly
- Loaded All Assemblies, in  9.110 seconds
Refreshing native plugins compatible for Editor in 3.68 ms, found 3 plugins.
Native extension for Android target not found
Native extension for WindowsStandalone target not found
Native extension for WebGL target not found
Mono: successfully reloaded assembly
- Finished resetting the current domain, in  3.059 seconds
Domain Reload Profiling: 12167ms
	BeginReloadAssembly (7633ms)
		ExecutionOrderSort (0ms)
		DisableScriptedObjects (38ms)
		BackupInstance (0ms)
		ReleaseScriptingObjects (0ms)
		CreateAndSetChildDomain (243ms)
	RebuildCommonClasses (209ms)
	RebuildNativeTypeToScriptingClass (37ms)
	initialDomainReloadingComplete (128ms)
	LoadAllAssembliesAndSetupDomain (1100ms)
		LoadAssemblies (1476ms)
		RebuildTransferFunctionScriptingTraits (0ms)
		AnalyzeDomain (425ms)
			TypeCache.Refresh (34ms)
				TypeCache.ScanAssembly (4ms)
			BuildScriptInfoCaches (369ms)
			ResolveRequiredComponents (15ms)
	FinalizeReload (3060ms)
		ReleaseScriptCaches (0ms)
		RebuildScriptCaches (0ms)
		SetupLoadedEditorAssemblies (2655ms)
			LogAssemblyErrors (0ms)
			InitializePlatformSupportModulesInManaged (36ms)
			SetLoadedEditorAssemblies (12ms)
			BeforeProcessingInitializeOnLoad (411ms)
			ProcessInitializeOnLoadAttributes (2099ms)
			ProcessInitializeOnLoadMethodAttributes (86ms)
			AfterProcessingInitializeOnLoad (11ms)
			EditorAssembliesLoaded (0ms)
		ExecutionOrderSort2 (0ms)
		AwakeInstancesAfterBackupRestoration (22ms)
Refreshing native plugins compatible for Editor in 2.43 ms, found 3 plugins.
Preloading 0 native plugins for Editor in 0.00 ms.
Unloading 1 Unused Serialized files (Serialized files now loaded: 0)
Unloading 3719 unused Assets / (1.2 MB). Loaded Objects now: 4254.
Memory consumption went from 96.0 MB to 94.8 MB.
Total: 16.975900 ms (FindLiveObjects: 0.889700 ms CreateObjectMapping: 1.099100 ms MarkObjects: 11.904800 ms  DeleteObjects: 3.079800 ms)

Prepare: number of updated asset objects reloaded= 0
========================================================================
Received Prepare
Refreshing native plugins compatible for Editor in 2.92 ms, found 3 plugins.
Preloading 0 native plugins for Editor in 0.00 ms.
Unloading 1 Unused Serialized files (Serialized files now loaded: 0)
Unloading 3712 unused Assets / (1.5 MB). Loaded Objects now: 4254.
Memory consumption went from 96.2 MB to 94.7 MB.
Total: 22.275600 ms (FindLiveObjects: 0.687300 ms CreateObjectMapping: 1.495300 ms MarkObjects: 17.159000 ms  DeleteObjects: 2.931600 ms)

Prepare: number of updated asset objects reloaded= 0
========================================================================
Received Prepare
Begin MonoManager ReloadAssembly
- Loaded All Assemblies, in  1.948 seconds
Refreshing native plugins compatible for Editor in 2.39 ms, found 3 plugins.
Native extension for Android target not found
Native extension for WindowsStandalone target not found
Native extension for WebGL target not found
Mono: successfully reloaded assembly
- Finished resetting the current domain, in  3.470 seconds
Domain Reload Profiling: 5541ms
	BeginReloadAssembly (607ms)
		ExecutionOrderSort (0ms)
		DisableScriptedObjects (19ms)
		BackupInstance (0ms)
		ReleaseScriptingObjects (0ms)
		CreateAndSetChildDomain (131ms)
	RebuildCommonClasses (112ms)
	RebuildNativeTypeToScriptingClass (40ms)
	initialDomainReloadingComplete (74ms)
	LoadAllAssembliesAndSetupDomain (1117ms)
		LoadAssemblies (1078ms)
		RebuildTransferFunctionScriptingTraits (0ms)
		AnalyzeDomain (407ms)
			TypeCache.Refresh (17ms)
				TypeCache.ScanAssembly (2ms)
			BuildScriptInfoCaches (365ms)
			ResolveRequiredComponents (17ms)
	FinalizeReload (3592ms)
		ReleaseScriptCaches (0ms)
		RebuildScriptCaches (0ms)
		SetupLoadedEditorAssemblies (3082ms)
			LogAssemblyErrors (0ms)
			InitializePlatformSupportModulesInManaged (36ms)
			SetLoadedEditorAssemblies (14ms)
			BeforeProcessingInitializeOnLoad (460ms)
			ProcessInitializeOnLoadAttributes (2492ms)
			ProcessInitializeOnLoadMethodAttributes (70ms)
			AfterProcessingInitializeOnLoad (10ms)
			EditorAssembliesLoaded (1ms)
		ExecutionOrderSort2 (0ms)
		AwakeInstancesAfterBackupRestoration (23ms)
Refreshing native plugins compatible for Editor in 2.32 ms, found 3 plugins.
Preloading 0 native plugins for Editor in 0.00 ms.
Unloading 1 Unused Serialized files (Serialized files now loaded: 0)
Unloading 3719 unused Assets / (1.7 MB). Loaded Objects now: 4254.
Memory consumption went from 96.0 MB to 94.3 MB.
Total: 18.003300 ms (FindLiveObjects: 0.801200 ms CreateObjectMapping: 1.226700 ms MarkObjects: 9.941500 ms  DeleteObjects: 6.031400 ms)

Prepare: number of updated asset objects reloaded= 0
========================================================================
Received Prepare
Begin MonoManager ReloadAssembly
- Loaded All Assemblies, in  1.744 seconds
Refreshing native plugins compatible for Editor in 2.46 ms, found 3 plugins.
Native extension for Android target not found
Native extension for WindowsStandalone target not found
Native extension for WebGL target not found
Mono: successfully reloaded assembly
- Finished resetting the current domain, in  2.471 seconds
Domain Reload Profiling: 4217ms
	BeginReloadAssembly (513ms)
		ExecutionOrderSort (0ms)
		DisableScriptedObjects (17ms)
		BackupInstance (0ms)
		ReleaseScriptingObjects (0ms)
		CreateAndSetChildDomain (114ms)
	RebuildCommonClasses (94ms)
	RebuildNativeTypeToScriptingClass (27ms)
	initialDomainReloadingComplete (74ms)
	LoadAllAssembliesAndSetupDomain (1037ms)
		LoadAssemblies (956ms)
		RebuildTransferFunctionScriptingTraits (0ms)
		AnalyzeDomain (388ms)
			TypeCache.Refresh (13ms)
				TypeCache.ScanAssembly (0ms)
			BuildScriptInfoCaches (353ms)
			ResolveRequiredComponents (14ms)
	FinalizeReload (2472ms)
		ReleaseScriptCaches (0ms)
		RebuildScriptCaches (0ms)
		SetupLoadedEditorAssemblies (2128ms)
			LogAssemblyErrors (0ms)
			InitializePlatformSupportModulesInManaged (40ms)
			SetLoadedEditorAssemblies (17ms)
			BeforeProcessingInitializeOnLoad (395ms)
			ProcessInitializeOnLoadAttributes (1608ms)
			ProcessInitializeOnLoadMethodAttributes (59ms)
			AfterProcessingInitializeOnLoad (8ms)
			EditorAssembliesLoaded (0ms)
		ExecutionOrderSort2 (0ms)
		AwakeInstancesAfterBackupRestoration (19ms)
Refreshing native plugins compatible for Editor in 2.23 ms, found 3 plugins.
Preloading 0 native plugins for Editor in 0.00 ms.
Unloading 1 Unused Serialized files (Serialized files now loaded: 0)
Unloading 3719 unused Assets / (1.4 MB). Loaded Objects now: 4254.
Memory consumption went from 96.0 MB to 94.6 MB.
Total: 16.501200 ms (FindLiveObjects: 0.772800 ms CreateObjectMapping: 0.976700 ms MarkObjects: 10.763500 ms  DeleteObjects: 3.984700 ms)

Prepare: number of updated asset objects reloaded= 0
========================================================================
Received Prepare
Begin MonoManager ReloadAssembly
- Loaded All Assemblies, in  1.936 seconds
Refreshing native plugins compatible for Editor in 2.23 ms, found 3 plugins.
Native extension for Android target not found
Native extension for WindowsStandalone target not found
Native extension for WebGL target not found
Mono: successfully reloaded assembly
- Finished resetting the current domain, in  2.815 seconds
Domain Reload Profiling: 4754ms
	BeginReloadAssembly (537ms)
		ExecutionOrderSort (0ms)
		DisableScriptedObjects (21ms)
		BackupInstance (0ms)
		ReleaseScriptingObjects (0ms)
		CreateAndSetChildDomain (117ms)
	RebuildCommonClasses (89ms)
	RebuildNativeTypeToScriptingClass (29ms)
	initialDomainReloadingComplete (67ms)
	LoadAllAssembliesAndSetupDomain (1215ms)
		LoadAssemblies (1040ms)
		RebuildTransferFunctionScriptingTraits (0ms)
		AnalyzeDomain (498ms)
			TypeCache.Refresh (12ms)
				TypeCache.ScanAssembly (0ms)
			BuildScriptInfoCaches (453ms)
			ResolveRequiredComponents (21ms)
	FinalizeReload (2816ms)
		ReleaseScriptCaches (0ms)
		RebuildScriptCaches (0ms)
		SetupLoadedEditorAssemblies (2451ms)
			LogAssemblyErrors (0ms)
			InitializePlatformSupportModulesInManaged (47ms)
			SetLoadedEditorAssemblies (24ms)
			BeforeProcessingInitializeOnLoad (496ms)
			ProcessInitializeOnLoadAttributes (1805ms)
			ProcessInitializeOnLoadMethodAttributes (70ms)
			AfterProcessingInitializeOnLoad (9ms)
			EditorAssembliesLoaded (0ms)
		ExecutionOrderSort2 (0ms)
		AwakeInstancesAfterBackupRestoration (21ms)
Refreshing native plugins compatible for Editor in 2.61 ms, found 3 plugins.
Preloading 0 native plugins for Editor in 0.00 ms.
Unloading 1 Unused Serialized files (Serialized files now loaded: 0)
Unloading 3719 unused Assets / (1.7 MB). Loaded Objects now: 4254.
Memory consumption went from 96.0 MB to 94.3 MB.
Total: 15.945800 ms (FindLiveObjects: 1.152800 ms CreateObjectMapping: 1.110400 ms MarkObjects: 9.965800 ms  DeleteObjects: 3.714400 ms)

Prepare: number of updated asset objects reloaded= 0
========================================================================
Received Prepare
Refreshing native plugins compatible for Editor in 2.80 ms, found 3 plugins.
Preloading 0 native plugins for Editor in 0.00 ms.
Unloading 1 Unused Serialized files (Serialized files now loaded: 0)
Unloading 3712 unused Assets / (1.1 MB). Loaded Objects now: 4254.
Memory consumption went from 96.2 MB to 95.1 MB.
Total: 29.691800 ms (FindLiveObjects: 1.564600 ms CreateObjectMapping: 1.418800 ms MarkObjects: 22.129800 ms  DeleteObjects: 4.576000 ms)

Prepare: number of updated asset objects reloaded= 0
========================================================================
Received Prepare
Begin MonoManager ReloadAssembly
- Loaded All Assemblies, in  2.775 seconds
Refreshing native plugins compatible for Editor in 6.01 ms, found 3 plugins.
Native extension for Android target not found
Native extension for WindowsStandalone target not found
Native extension for WebGL target not found
Mono: successfully reloaded assembly
- Finished resetting the current domain, in  3.285 seconds
Domain Reload Profiling: 6061ms
	BeginReloadAssembly (635ms)
		ExecutionOrderSort (0ms)
		DisableScriptedObjects (25ms)
		BackupInstance (0ms)
		ReleaseScriptingObjects (0ms)
		CreateAndSetChildDomain (145ms)
	RebuildCommonClasses (274ms)
	RebuildNativeTypeToScriptingClass (36ms)
	initialDomainReloadingComplete (123ms)
	LoadAllAssembliesAndSetupDomain (1706ms)
		LoadAssemblies (1409ms)
		RebuildTransferFunctionScriptingTraits (0ms)
		AnalyzeDomain (669ms)
			TypeCache.Refresh (24ms)
				TypeCache.ScanAssembly (2ms)
			BuildScriptInfoCaches (582ms)
			ResolveRequiredComponents (52ms)
	FinalizeReload (3287ms)
		ReleaseScriptCaches (0ms)
		RebuildScriptCaches (0ms)
		SetupLoadedEditorAssemblies (2864ms)
			LogAssemblyErrors (0ms)
			InitializePlatformSupportModulesInManaged (64ms)
			SetLoadedEditorAssemblies (49ms)
			BeforeProcessingInitializeOnLoad (561ms)
			ProcessInitializeOnLoadAttributes (2115ms)
			ProcessInitializeOnLoadMethodAttributes (64ms)
			AfterProcessingInitializeOnLoad (11ms)
			EditorAssembliesLoaded (1ms)
		ExecutionOrderSort2 (0ms)
		AwakeInstancesAfterBackupRestoration (24ms)
Refreshing native plugins compatible for Editor in 2.52 ms, found 3 plugins.
Preloading 0 native plugins for Editor in 0.00 ms.
Unloading 1 Unused Serialized files (Serialized files now loaded: 0)
Unloading 3719 unused Assets / (1.9 MB). Loaded Objects now: 4254.
Memory consumption went from 96.0 MB to 94.1 MB.
Total: 16.034800 ms (FindLiveObjects: 0.861300 ms CreateObjectMapping: 0.892900 ms MarkObjects: 10.627200 ms  DeleteObjects: 3.650000 ms)

Prepare: number of updated asset objects reloaded= 0
========================================================================
Received Prepare
Begin MonoManager ReloadAssembly
- Loaded All Assemblies, in  1.717 seconds
Refreshing native plugins compatible for Editor in 1.78 ms, found 3 plugins.
Native extension for Android target not found
Native extension for WindowsStandalone target not found
Native extension for WebGL target not found
Mono: successfully reloaded assembly
- Finished resetting the current domain, in  2.950 seconds
Domain Reload Profiling: 4669ms
	BeginReloadAssembly (512ms)
		ExecutionOrderSort (0ms)
		DisableScriptedObjects (13ms)
		BackupInstance (0ms)
		ReleaseScriptingObjects (0ms)
		CreateAndSetChildDomain (115ms)
	RebuildCommonClasses (86ms)
	RebuildNativeTypeToScriptingClass (28ms)
	initialDomainReloadingComplete (61ms)
	LoadAllAssembliesAndSetupDomain (1031ms)
		LoadAssemblies (934ms)
		RebuildTransferFunctionScriptingTraits (0ms)
		AnalyzeDomain (406ms)
			TypeCache.Refresh (12ms)
				TypeCache.ScanAssembly (0ms)
			BuildScriptInfoCaches (362ms)
			ResolveRequiredComponents (24ms)
	FinalizeReload (2952ms)
		ReleaseScriptCaches (0ms)
		RebuildScriptCaches (0ms)
		SetupLoadedEditorAssemblies (2454ms)
			LogAssemblyErrors (0ms)
			InitializePlatformSupportModulesInManaged (42ms)
			SetLoadedEditorAssemblies (23ms)
			BeforeProcessingInitializeOnLoad (424ms)
			ProcessInitializeOnLoadAttributes (1874ms)
			ProcessInitializeOnLoadMethodAttributes (81ms)
			AfterProcessingInitializeOnLoad (8ms)
			EditorAssembliesLoaded (1ms)
		ExecutionOrderSort2 (0ms)
		AwakeInstancesAfterBackupRestoration (21ms)
Refreshing native plugins compatible for Editor in 5.43 ms, found 3 plugins.
Preloading 0 native plugins for Editor in 0.00 ms.
Unloading 1 Unused Serialized files (Serialized files now loaded: 0)
Unloading 3719 unused Assets / (1.6 MB). Loaded Objects now: 4254.
Memory consumption went from 96.0 MB to 94.4 MB.
Total: 14.787000 ms (FindLiveObjects: 0.685700 ms CreateObjectMapping: 2.120500 ms MarkObjects: 8.633900 ms  DeleteObjects: 3.344400 ms)

Prepare: number of updated asset objects reloaded= 0
========================================================================
Received Prepare
Begin MonoManager ReloadAssembly
- Loaded All Assemblies, in  1.702 seconds
Refreshing native plugins compatible for Editor in 2.17 ms, found 3 plugins.
Native extension for Android target not found
Native extension for WindowsStandalone target not found
Native extension for WebGL target not found
Mono: successfully reloaded assembly
- Finished resetting the current domain, in  2.666 seconds
Domain Reload Profiling: 4369ms
	BeginReloadAssembly (513ms)
		ExecutionOrderSort (0ms)
		DisableScriptedObjects (19ms)
		BackupInstance (0ms)
		ReleaseScriptingObjects (0ms)
		CreateAndSetChildDomain (107ms)
	RebuildCommonClasses (98ms)
	RebuildNativeTypeToScriptingClass (31ms)
	initialDomainReloadingComplete (59ms)
	LoadAllAssembliesAndSetupDomain (1000ms)
		LoadAssemblies (938ms)
		RebuildTransferFunctionScriptingTraits (0ms)
		AnalyzeDomain (376ms)
			TypeCache.Refresh (11ms)
				TypeCache.ScanAssembly (0ms)
			BuildScriptInfoCaches (345ms)
			ResolveRequiredComponents (13ms)
	FinalizeReload (2667ms)
		ReleaseScriptCaches (0ms)
		RebuildScriptCaches (0ms)
		SetupLoadedEditorAssemblies (2324ms)
			LogAssemblyErrors (0ms)
			InitializePlatformSupportModulesInManaged (39ms)
			SetLoadedEditorAssemblies (17ms)
			BeforeProcessingInitializeOnLoad (435ms)
			ProcessInitializeOnLoadAttributes (1770ms)
			ProcessInitializeOnLoadMethodAttributes (53ms)
			AfterProcessingInitializeOnLoad (9ms)
			EditorAssembliesLoaded (0ms)
		ExecutionOrderSort2 (0ms)
		AwakeInstancesAfterBackupRestoration (16ms)
Refreshing native plugins compatible for Editor in 3.99 ms, found 3 plugins.
Preloading 0 native plugins for Editor in 0.00 ms.
Unloading 1 Unused Serialized files (Serialized files now loaded: 0)
Unloading 3719 unused Assets / (1.3 MB). Loaded Objects now: 4254.
Memory consumption went from 96.0 MB to 94.7 MB.
Total: 14.152200 ms (FindLiveObjects: 0.796800 ms CreateObjectMapping: 1.264600 ms MarkObjects: 9.100100 ms  DeleteObjects: 2.987100 ms)

Prepare: number of updated asset objects reloaded= 0
========================================================================
Received Prepare
Begin MonoManager ReloadAssembly
- Loaded All Assemblies, in  2.005 seconds
Refreshing native plugins compatible for Editor in 2.78 ms, found 3 plugins.
Native extension for Android target not found
Native extension for WindowsStandalone target not found
Native extension for WebGL target not found
Mono: successfully reloaded assembly
- Finished resetting the current domain, in  2.480 seconds
Domain Reload Profiling: 4484ms
	BeginReloadAssembly (482ms)
		ExecutionOrderSort (0ms)
		DisableScriptedObjects (12ms)
		BackupInstance (0ms)
		ReleaseScriptingObjects (0ms)
		CreateAndSetChildDomain (102ms)
	RebuildCommonClasses (91ms)
	RebuildNativeTypeToScriptingClass (31ms)
	initialDomainReloadingComplete (54ms)
	LoadAllAssembliesAndSetupDomain (1345ms)
		LoadAssemblies (1242ms)
		RebuildTransferFunctionScriptingTraits (0ms)
		AnalyzeDomain (396ms)
			TypeCache.Refresh (10ms)
				TypeCache.ScanAssembly (0ms)
			BuildScriptInfoCaches (367ms)
			ResolveRequiredComponents (13ms)
	FinalizeReload (2481ms)
		ReleaseScriptCaches (0ms)
		RebuildScriptCaches (0ms)
		SetupLoadedEditorAssemblies (2169ms)
			LogAssemblyErrors (0ms)
			InitializePlatformSupportModulesInManaged (33ms)
			SetLoadedEditorAssemblies (16ms)
			BeforeProcessingInitializeOnLoad (398ms)
			ProcessInitializeOnLoadAttributes (1645ms)
			ProcessInitializeOnLoadMethodAttributes (63ms)
			AfterProcessingInitializeOnLoad (12ms)
			EditorAssembliesLoaded (1ms)
		ExecutionOrderSort2 (0ms)
		AwakeInstancesAfterBackupRestoration (13ms)
Refreshing native plugins compatible for Editor in 2.68 ms, found 3 plugins.
Preloading 0 native plugins for Editor in 0.00 ms.
Unloading 1 Unused Serialized files (Serialized files now loaded: 0)
Unloading 3719 unused Assets / (1.9 MB). Loaded Objects now: 4254.
Memory consumption went from 96.0 MB to 94.1 MB.
Total: 22.660800 ms (FindLiveObjects: 1.490000 ms CreateObjectMapping: 4.798600 ms MarkObjects: 12.783500 ms  DeleteObjects: 3.586000 ms)

Prepare: number of updated asset objects reloaded= 0
========================================================================
Received Prepare
Begin MonoManager ReloadAssembly
- Loaded All Assemblies, in  1.726 seconds
Refreshing native plugins compatible for Editor in 2.70 ms, found 3 plugins.
Native extension for Android target not found
Native extension for WindowsStandalone target not found
Native extension for WebGL target not found
Mono: successfully reloaded assembly
- Finished resetting the current domain, in  2.584 seconds
Domain Reload Profiling: 4312ms
	BeginReloadAssembly (473ms)
		ExecutionOrderSort (0ms)
		DisableScriptedObjects (15ms)
		BackupInstance (0ms)
		ReleaseScriptingObjects (0ms)
		CreateAndSetChildDomain (98ms)
	RebuildCommonClasses (99ms)
	RebuildNativeTypeToScriptingClass (27ms)
	initialDomainReloadingComplete (59ms)
	LoadAllAssembliesAndSetupDomain (1068ms)
		LoadAssemblies (952ms)
		RebuildTransferFunctionScriptingTraits (0ms)
		AnalyzeDomain (400ms)
			TypeCache.Refresh (13ms)
				TypeCache.ScanAssembly (0ms)
			BuildScriptInfoCaches (355ms)
			ResolveRequiredComponents (27ms)
	FinalizeReload (2586ms)
		ReleaseScriptCaches (0ms)
		RebuildScriptCaches (0ms)
		SetupLoadedEditorAssemblies (2247ms)
			LogAssemblyErrors (0ms)
			InitializePlatformSupportModulesInManaged (36ms)
			SetLoadedEditorAssemblies (16ms)
			BeforeProcessingInitializeOnLoad (423ms)
			ProcessInitializeOnLoadAttributes (1684ms)
			ProcessInitializeOnLoadMethodAttributes (77ms)
			AfterProcessingInitializeOnLoad (11ms)
			EditorAssembliesLoaded (1ms)
		ExecutionOrderSort2 (0ms)
		AwakeInstancesAfterBackupRestoration (21ms)
Refreshing native plugins compatible for Editor in 2.52 ms, found 3 plugins.
Preloading 0 native plugins for Editor in 0.00 ms.
Unloading 1 Unused Serialized files (Serialized files now loaded: 0)
Unloading 3719 unused Assets / (1.4 MB). Loaded Objects now: 4254.
Memory consumption went from 96.0 MB to 94.6 MB.
Total: 17.338300 ms (FindLiveObjects: 0.666300 ms CreateObjectMapping: 0.883900 ms MarkObjects: 11.737500 ms  DeleteObjects: 4.047700 ms)

Prepare: number of updated asset objects reloaded= 0
========================================================================
Received Prepare
Begin MonoManager ReloadAssembly
- Loaded All Assemblies, in  2.384 seconds
Refreshing native plugins compatible for Editor in 2.40 ms, found 3 plugins.
Native extension for Android target not found
Native extension for WindowsStandalone target not found
Native extension for WebGL target not found
Mono: successfully reloaded assembly
- Finished resetting the current domain, in  2.716 seconds
Domain Reload Profiling: 5103ms
	BeginReloadAssembly (606ms)
		ExecutionOrderSort (0ms)
		DisableScriptedObjects (24ms)
		BackupInstance (0ms)
		ReleaseScriptingObjects (0ms)
		CreateAndSetChildDomain (120ms)
	RebuildCommonClasses (109ms)
	RebuildNativeTypeToScriptingClass (29ms)
	initialDomainReloadingComplete (68ms)
	LoadAllAssembliesAndSetupDomain (1574ms)
		LoadAssemblies (1525ms)
		RebuildTransferFunctionScriptingTraits (0ms)
		AnalyzeDomain (416ms)
			TypeCache.Refresh (12ms)
				TypeCache.ScanAssembly (0ms)
			BuildScriptInfoCaches (362ms)
			ResolveRequiredComponents (34ms)
	FinalizeReload (2717ms)
		ReleaseScriptCaches (0ms)
		RebuildScriptCaches (0ms)
		SetupLoadedEditorAssemblies (2347ms)
			LogAssemblyErrors (0ms)
			InitializePlatformSupportModulesInManaged (37ms)
			SetLoadedEditorAssemblies (19ms)
			BeforeProcessingInitializeOnLoad (428ms)
			ProcessInitializeOnLoadAttributes (1781ms)
			ProcessInitializeOnLoadMethodAttributes (72ms)
			AfterProcessingInitializeOnLoad (9ms)
			EditorAssembliesLoaded (1ms)
		ExecutionOrderSort2 (0ms)
		AwakeInstancesAfterBackupRestoration (18ms)
Refreshing native plugins compatible for Editor in 2.91 ms, found 3 plugins.
Preloading 0 native plugins for Editor in 0.00 ms.
Unloading 1 Unused Serialized files (Serialized files now loaded: 0)
Unloading 3719 unused Assets / (1.1 MB). Loaded Objects now: 4254.
Memory consumption went from 96.0 MB to 94.9 MB.
Total: 11.779500 ms (FindLiveObjects: 0.751700 ms CreateObjectMapping: 0.832800 ms MarkObjects: 8.101000 ms  DeleteObjects: 2.091400 ms)

Prepare: number of updated asset objects reloaded= 0
========================================================================
Received Prepare
Begin MonoManager ReloadAssembly
- Loaded All Assemblies, in  1.980 seconds
Refreshing native plugins compatible for Editor in 3.26 ms, found 3 plugins.
Native extension for Android target not found
Native extension for WindowsStandalone target not found
Native extension for WebGL target not found
Mono: successfully reloaded assembly
- Finished resetting the current domain, in  3.324 seconds
Domain Reload Profiling: 5307ms
	BeginReloadAssembly (564ms)
		ExecutionOrderSort (0ms)
		DisableScriptedObjects (19ms)
		BackupInstance (0ms)
		ReleaseScriptingObjects (0ms)
		CreateAndSetChildDomain (124ms)
	RebuildCommonClasses (102ms)
	RebuildNativeTypeToScriptingClass (36ms)
	initialDomainReloadingComplete (74ms)
	LoadAllAssembliesAndSetupDomain (1205ms)
		LoadAssemblies (1058ms)
		RebuildTransferFunctionScriptingTraits (0ms)
		AnalyzeDomain (482ms)
			TypeCache.Refresh (13ms)
				TypeCache.ScanAssembly (0ms)
			BuildScriptInfoCaches (432ms)
			ResolveRequiredComponents (27ms)
	FinalizeReload (3326ms)
		ReleaseScriptCaches (0ms)
		RebuildScriptCaches (0ms)
		SetupLoadedEditorAssemblies (2828ms)
			LogAssemblyErrors (0ms)
			InitializePlatformSupportModulesInManaged (65ms)
			SetLoadedEditorAssemblies (28ms)
			BeforeProcessingInitializeOnLoad (519ms)
			ProcessInitializeOnLoadAttributes (2118ms)
			ProcessInitializeOnLoadMethodAttributes (85ms)
			AfterProcessingInitializeOnLoad (12ms)
			EditorAssembliesLoaded (1ms)
		ExecutionOrderSort2 (0ms)
		AwakeInstancesAfterBackupRestoration (31ms)
Refreshing native plugins compatible for Editor in 1.72 ms, found 3 plugins.
Preloading 0 native plugins for Editor in 0.00 ms.
Unloading 1 Unused Serialized files (Serialized files now loaded: 0)
Unloading 3719 unused Assets / (2.2 MB). Loaded Objects now: 4254.
Memory consumption went from 96.0 MB to 93.8 MB.
Total: 17.810800 ms (FindLiveObjects: 0.680500 ms CreateObjectMapping: 0.950600 ms MarkObjects: 10.026300 ms  DeleteObjects: 6.151100 ms)

Prepare: number of updated asset objects reloaded= 0
